source	h5	key	pos	wt	mut	is_stop	n_nodes	n_edges	has_nonzero_diff	has_mask_or_missing
mutante	local_data/hdf5/proc_483p.hdf5	residue-srv:A:100:Glycine->Aspartate:pos_100_G_D	100	GLYCINE	ASPARTATE	False	22	69	True	True
mutante	local_data/hdf5/proc_483p.hdf5	residue-srv:A:100:Glycine->Serine:pos_100_G_S	100	GLYCINE	SERINE	False	28	98	True	True
mutante	local_data/hdf5/proc_483p.hdf5	residue-srv:A:101:Arginine->Cysteine:pos_101_R_C	101	ARGININE	CYSTEINE	False	32	116	True	True
mutante	local_data/hdf5/proc_483p.hdf5	residue-srv:A:101:Arginine->Histidine:pos_101_R_H	101	ARGININE	HISTIDINE	False	35	155	True	True
mutante	local_data/hdf5/proc_483p.hdf5	residue-srv:A:101:Arginine->Leucine:pos_101_R_L	101	ARGININE	LEUCINE	False	38	142	True	True
mutante	local_data/hdf5/proc_483p.hdf5	residue-srv:A:102:Serine->Phenylalanine:pos_102_S_F	102	SERINE	PHENYLALANINE	False	30	110	True	True
mutante	local_data/hdf5/proc_483p.hdf5	residue-srv:A:103:Proline->Alanine:pos_103_P_A	103	PROLINE	ALANINE	False	28	98	True	True
mutante	local_data/hdf5/proc_483p.hdf5	residue-srv:A:103:Proline->Leucine:pos_103_P_L	103	PROLINE	LEUCINE	False	32	111	True	True
mutante	local_data/hdf5/proc_483p.hdf5	residue-srv:A:103:Proline->Threonine:pos_103_P_T	103	PROLINE	THREONINE	False	28	97	True	True
mutante	local_data/hdf5/proc_483p.hdf5	residue-srv:A:105:Proline->Alanine:pos_105_P_A	105	PROLINE	ALANINE	False	23	69	True	True
mutante	local_data/hdf5/proc_483p.hdf5	residue-srv:A:105:Proline->Serine:pos_105_P_S	105	PROLINE	SERINE	False	21	57	True	True
mutante	local_data/hdf5/proc_483p.hdf5	residue-srv:A:107:Threonine->Isoleucine:pos_107_T_I	107	THREONINE	ISOLEUCINE	False	21	62	True	True
mutante	local_data/hdf5/proc_483p.hdf5	residue-srv:A:108:Tyrosine->Cysteine:pos_108_Y_C	108	TYROSINE	CYSTEINE	False	27	88	True	True
mutante	local_data/hdf5/proc_483p.hdf5	residue-srv:A:108:Tyrosine->Histidine:pos_108_Y_H	108	TYROSINE	HISTIDINE	False	29	96	True	True
mutante	local_data/hdf5/proc_483p.hdf5	residue-srv:A:109:Aspartate->Asparagine:pos_109_D_N	109	ASPARTATE	ASPARAGINE	False	20	64	True	True
mutante	local_data/hdf5/proc_483p.hdf5	residue-srv:A:10:Tyrosine->Cysteine:pos_10_Y_C	10	TYROSINE	CYSTEINE	False	23	64	True	True
mutante	local_data/hdf5/proc_483p.hdf5	residue-srv:A:10:Tyrosine->Histidine:pos_10_Y_H	10	TYROSINE	HISTIDINE	False	35	132	True	True
mutante	local_data/hdf5/proc_483p.hdf5	residue-srv:A:110:Methionine->Isoleucine:pos_110_M_I	110	METHIONINE	ISOLEUCINE	False	18	52	True	True
mutante	local_data/hdf5/proc_483p.hdf5	residue-srv:A:113:Alanine->Glycine:pos_113_A_G	113	ALANINE	GLYCINE	False	14	51	True	True
mutante	local_data/hdf5/proc_483p.hdf5	residue-srv:A:114:Glycine->Aspartate:pos_114_G_D	114	GLYCINE	ASPARTATE	False	27	108	True	True
mutante	local_data/hdf5/proc_483p.hdf5	residue-srv:A:115:Threonine->Isoleucine:pos_115_T_I	115	THREONINE	ISOLEUCINE	False	23	93	True	True
mutante	local_data/hdf5/proc_483p.hdf5	residue-srv:A:11:Glycine->Aspartate:pos_11_G_D	11	GLYCINE	ASPARTATE	False	36	136	True	True
mutante	local_data/hdf5/proc_483p.hdf5	residue-srv:A:11:Glycine->Cysteine:pos_11_G_C	11	GLYCINE	CYSTEINE	False	34	117	True	True
mutante	local_data/hdf5/proc_483p.hdf5	residue-srv:A:122:Arginine->Cysteine:pos_122_R_C	122	ARGININE	CYSTEINE	False	24	82	True	True
mutante	local_data/hdf5/proc_483p.hdf5	residue-srv:A:122:Arginine->Histidine:pos_122_R_H	122	ARGININE	HISTIDINE	False	28	105	True	True
mutante	local_data/hdf5/proc_483p.hdf5	residue-srv:A:122:Arginine->Leucine:pos_122_R_L	122	ARGININE	LEUCINE	False	28	103	True	True
mutante	local_data/hdf5/proc_483p.hdf5	residue-srv:A:123:Tryptophan->Serine:pos_123_W_S	123	TRYPTOPHAN	SERINE	False	24	77	True	True
mutante	local_data/hdf5/proc_483p.hdf5	residue-srv:A:125:Arginine->Lysine:pos_125_R_K	125	ARGININE	LYSINE	False	28	94	True	True
mutante	local_data/hdf5/proc_483p.hdf5	residue-srv:A:128:Alanine->Threonine:pos_128_A_T	128	ALANINE	THREONINE	False	23	78	True	True
mutante	local_data/hdf5/proc_483p.hdf5	residue-srv:A:129:Glutamine->Leucine:pos_129_Q_L	129	GLUTAMINE	LEUCINE	False	24	70	True	True
mutante	local_data/hdf5/proc_483p.hdf5	residue-srv:A:12:Tyrosine->Cysteine:pos_12_Y_C	12	TYROSINE	CYSTEINE	False	34	123	True	True
mutante	local_data/hdf5/proc_483p.hdf5	residue-srv:A:131:Serine->Glycine:pos_131_S_G	131	SERINE	GLYCINE	False	12	38	True	True
mutante	local_data/hdf5/proc_483p.hdf5	residue-srv:A:132:Serine->Threonine:pos_132_S_T	132	SERINE	THREONINE	False	15	51	True	True
mutante	local_data/hdf5/proc_483p.hdf5	residue-srv:A:135:Serine->Phenylalanine:pos_135_S_F	135	SERINE	PHENYLALANINE	False	22	60	True	True
mutante	local_data/hdf5/proc_483p.hdf5	residue-srv:A:136:Valine->Methionine:pos_136_V_M	136	VALINE	METHIONINE	False	18	56	True	True
mutante	local_data/hdf5/proc_483p.hdf5	residue-srv:A:137:Glutamate->Lysine:pos_137_E_K	137	GLUTAMATE	LYSINE	False	27	62	True	True
mutante	local_data/hdf5/proc_483p.hdf5	residue-srv:A:13:Isoleucine->Asparagine:pos_13_I_N	13	ISOLEUCINE	ASPARAGINE	False	35	132	True	True
mutante	local_data/hdf5/proc_483p.hdf5	residue-srv:A:140:Serine->Threonine:pos_140_S_T	140	SERINE	THREONINE	False	19	61	True	True
mutante	local_data/hdf5/proc_483p.hdf5	residue-srv:A:149:Glutamate->Aspartate:pos_149_E_D	149	GLUTAMATE	ASPARTATE	False	38	130	True	True
mutante	local_data/hdf5/proc_483p.hdf5	residue-srv:A:154:Serine->Arginine:pos_154_S_R	154	SERINE	ARGININE	False	42	154	True	True
mutante	local_data/hdf5/proc_483p.hdf5	residue-srv:A:154:Serine->Glycine:pos_154_S_G	154	SERINE	GLYCINE	False	28	91	True	True
mutante	local_data/hdf5/proc_483p.hdf5	residue-srv:A:155:Serine->Threonine:pos_155_S_T	155	SERINE	THREONINE	False	28	99	True	True
mutante	local_data/hdf5/proc_483p.hdf5	residue-srv:A:162:Threonine->Alanine:pos_162_T_A	162	THREONINE	ALANINE	False	23	69	True	True
mutante	local_data/hdf5/proc_483p.hdf5	residue-srv:A:163:Histidine->Asparagine:pos_163_H_N	163	HISTIDINE	ASPARAGINE	False	28	85	True	True
mutante	local_data/hdf5/proc_483p.hdf5	residue-srv:A:163:Histidine->Glutamine:pos_163_H_Q	163	HISTIDINE	GLUTAMINE	False	29	84	True	True
mutante	local_data/hdf5/proc_483p.hdf5	residue-srv:A:165:Aspartate->Glycine:pos_165_D_G	165	ASPARTATE	GLYCINE	False	24	69	True	True
mutante	local_data/hdf5/proc_483p.hdf5	residue-srv:A:168:Tyrosine->Cysteine:pos_168_Y_C	168	TYROSINE	CYSTEINE	False	34	114	True	True
mutante	local_data/hdf5/proc_483p.hdf5	residue-srv:A:168:Tyrosine->Histidine:pos_168_Y_H	168	TYROSINE	HISTIDINE	False	37	138	True	True
mutante	local_data/hdf5/proc_483p.hdf5	residue-srv:A:176:Histidine->Arginine:pos_176_H_R	176	HISTIDINE	ARGININE	False	42	174	True	True
mutante	local_data/hdf5/proc_483p.hdf5	residue-srv:A:188:Leucine->Phenylalanine:pos_188_L_F	188	LEUCINE	PHENYLALANINE	False	33	125	True	True
mutante	local_data/hdf5/proc_483p.hdf5	residue-srv:A:190:Valine->Leucine:pos_190_V_L	190	VALINE	LEUCINE	False	43	188	True	True
mutante	local_data/hdf5/proc_483p.hdf5	residue-srv:A:190:Valine->Methionine:pos_190_V_M	190	VALINE	METHIONINE	False	41	163	True	True
mutante	local_data/hdf5/proc_483p.hdf5	residue-srv:A:198:Glutamate->Lysine:pos_198_E_K	198	GLUTAMATE	LYSINE	False	35	131	True	True
mutante	local_data/hdf5/proc_483p.hdf5	residue-srv:A:1:Methionine->Leucine:pos_1_M_L	1	METHIONINE	LEUCINE	False	15	51	True	True
mutante	local_data/hdf5/proc_483p.hdf5	residue-srv:A:1:Methionine->Threonine:pos_1_M_T	1	METHIONINE	THREONINE	False	10	31	True	True
mutante	local_data/hdf5/proc_483p.hdf5	residue-srv:A:1:Methionine->Valine:pos_1_M_V	1	METHIONINE	VALINE	False	14	46	True	True
mutante	local_data/hdf5/proc_483p.hdf5	residue-srv:A:200:Valine->Methionine:pos_200_V_M	200	VALINE	METHIONINE	False	32	125	True	True
mutante	local_data/hdf5/proc_483p.hdf5	residue-srv:A:201:Glycine->Glutamate:pos_201_G_E	201	GLYCINE	GLUTAMATE	False	38	166	True	True
mutante	local_data/hdf5/proc_483p.hdf5	residue-srv:A:207:Threonine->Serine:pos_207_T_S	207	THREONINE	SERINE	False	12	29	True	True
mutante	local_data/hdf5/proc_483p.hdf5	residue-srv:A:219:Arginine->Lysine:pos_219_R_K	219	ARGININE	LYSINE	False	23	89	True	True
mutante	local_data/hdf5/proc_483p.hdf5	residue-srv:A:224:Glycine->Aspartate:pos_224_G_D	224	GLYCINE	ASPARTATE	False	21	70	True	True
mutante	local_data/hdf5/proc_483p.hdf5	residue-srv:A:224:Glycine->Valine:pos_224_G_V	224	GLYCINE	VALINE	False	18	56	True	True
mutante	local_data/hdf5/proc_483p.hdf5	residue-srv:A:247:Glycine->Arginine:pos_247_G_R	247	GLYCINE	ARGININE	False	24	70	True	True
mutante	local_data/hdf5/proc_483p.hdf5	residue-srv:A:250:Arginine->Serine:pos_250_R_S	250	ARGININE	SERINE	False	14	48	True	True
mutante	local_data/hdf5/proc_483p.hdf5	residue-srv:A:262:Leucine->Methionine:pos_262_L_M	262	LEUCINE	METHIONINE	False	31	118	True	True
mutante	local_data/hdf5/proc_483p.hdf5	residue-srv:A:271:Valine->Phenylalanine:pos_271_V_F	271	VALINE	PHENYLALANINE	False	37	117	True	True
mutante	local_data/hdf5/proc_483p.hdf5	residue-srv:A:284:Arginine->Glycine:pos_284_R_G	284	ARGININE	GLYCINE	False	15	51	True	True
mutante	local_data/hdf5/proc_483p.hdf5	residue-srv:A:287:Arginine->Glycine:pos_287_R_G	287	ARGININE	GLYCINE	False	19	59	True	True
mutante	local_data/hdf5/proc_483p.hdf5	residue-srv:A:296:Histidine->Asparagine:pos_296_H_N	296	HISTIDINE	ASPARAGINE	False	21	64	True	True
mutante	local_data/hdf5/proc_483p.hdf5	residue-srv:A:296:Histidine->Proline:pos_296_H_P	296	HISTIDINE	PROLINE	False	25	86	True	True
mutante	local_data/hdf5/proc_483p.hdf5	residue-srv:A:300:Threonine->Lysine:pos_300_T_K	300	THREONINE	LYSINE	False	18	58	True	True
mutante	local_data/hdf5/proc_483p.hdf5	residue-srv:A:300:Threonine->Methionine:pos_300_T_M	300	THREONINE	METHIONINE	False	20	68	True	True
mutante	local_data/hdf5/proc_483p.hdf5	residue-srv:A:305:Glycine->Glutamate:pos_305_G_E	305	GLYCINE	GLUTAMATE	False	23	71	True	True
mutante	local_data/hdf5/proc_483p.hdf5	residue-srv:A:309:Alanine->Threonine:pos_309_A_T	309	ALANINE	THREONINE	False	32	123	True	True
mutante	local_data/hdf5/proc_483p.hdf5	residue-srv:A:30:Leucine->Arginine:pos_30_L_R	30	LEUCINE	ARGININE	False	35	134	True	True
mutante	local_data/hdf5/proc_483p.hdf5	residue-srv:A:30:Leucine->Glutamine:pos_30_L_Q	30	LEUCINE	GLUTAMINE	False	35	121	True	True
mutante	local_data/hdf5/proc_483p.hdf5	residue-srv:A:310:Valine->Leucine:pos_310_V_L	310	VALINE	LEUCINE	False	32	117	True	True
mutante	local_data/hdf5/proc_483p.hdf5	residue-srv:A:310:Valine->Methionine:pos_310_V_M	310	VALINE	METHIONINE	False	31	106	True	True
mutante	local_data/hdf5/proc_483p.hdf5	residue-srv:A:311:Aspartate->Histidine:pos_311_D_H	311	ASPARTATE	HISTIDINE	False	36	141	True	True
mutante	local_data/hdf5/proc_483p.hdf5	residue-srv:A:312:Serine->Alanine:pos_312_S_A	312	SERINE	ALANINE	False	30	109	True	True
mutante	local_data/hdf5/proc_483p.hdf5	residue-srv:A:312:Serine->Proline:pos_312_S_P	312	SERINE	PROLINE	False	29	101	True	True
mutante	local_data/hdf5/proc_483p.hdf5	residue-srv:A:314:Glycine->Arginine:pos_314_G_R	314	GLYCINE	ARGININE	False	30	115	True	True
mutante	local_data/hdf5/proc_483p.hdf5	residue-srv:A:314:Glycine->Glutamate:pos_314_G_E	314	GLYCINE	GLUTAMATE	False	31	111	True	True
mutante	local_data/hdf5/proc_483p.hdf5	residue-srv:A:316:Arginine->Lysine:pos_316_R_K	316	ARGININE	LYSINE	False	14	38	True	True
mutante	local_data/hdf5/proc_483p.hdf5	residue-srv:A:318:Histidine->Proline:pos_318_H_P	318	HISTIDINE	PROLINE	False	29	103	True	True
mutante	local_data/hdf5/proc_483p.hdf5	residue-srv:A:320:Threonine->Alanine:pos_320_T_A	320	THREONINE	ALANINE	False	19	67	True	True
mutante	local_data/hdf5/proc_483p.hdf5	residue-srv:A:322:Glycine->Serine:pos_322_G_S	322	GLYCINE	SERINE	False	22	78	True	True
mutante	local_data/hdf5/proc_483p.hdf5	residue-srv:A:323:Glutamine->Arginine:pos_323_Q_R	323	GLUTAMINE	ARGININE	False	15	52	True	True
mutante	local_data/hdf5/proc_483p.hdf5	residue-srv:A:323:Glutamine->Histidine:pos_323_Q_H	323	GLUTAMINE	HISTIDINE	False	17	53	True	True
mutante	local_data/hdf5/proc_483p.hdf5	residue-srv:A:325:Alanine->Valine:pos_325_A_V	325	ALANINE	VALINE	False	15	49	True	True
mutante	local_data/hdf5/proc_483p.hdf5	residue-srv:A:326:Alanine->Glutamate:pos_326_A_E	326	ALANINE	GLUTAMATE	False	12	34	True	True
mutante	local_data/hdf5/proc_483p.hdf5	residue-srv:A:326:Alanine->Serine:pos_326_A_S	326	ALANINE	SERINE	False	13	42	True	True
mutante	local_data/hdf5/proc_483p.hdf5	residue-srv:A:326:Alanine->Threonine:pos_326_A_T	326	ALANINE	THREONINE	False	12	37	True	True
mutante	local_data/hdf5/proc_483p.hdf5	residue-srv:A:327:Glycine->Alanine:pos_327_G_A	327	GLYCINE	ALANINE	False	12	29	True	True
mutante	local_data/hdf5/proc_483p.hdf5	residue-srv:A:327:Glycine->Glutamate:pos_327_G_E	327	GLYCINE	GLUTAMATE	False	10	24	True	True
mutante	local_data/hdf5/proc_483p.hdf5	residue-srv:A:327:Glycine->Tryptophan:pos_327_G_W	327	GLYCINE	TRYPTOPHAN	False	13	34	True	True
mutante	local_data/hdf5/proc_483p.hdf5	residue-srv:A:327:Glycine->Valine:pos_327_G_V	327	GLYCINE	VALINE	False	13	33	True	True
mutante	local_data/hdf5/proc_483p.hdf5	residue-srv:A:328:Glycine->Alanine:pos_328_G_A	328	GLYCINE	ALANINE	False	10	25	True	True
mutante	local_data/hdf5/proc_483p.hdf5	residue-srv:A:328:Glycine->Arginine:pos_328_G_R	328	GLYCINE	ARGININE	False	18	45	True	True
mutante	local_data/hdf5/proc_483p.hdf5	residue-srv:A:328:Glycine->Valine:pos_328_G_V	328	GLYCINE	VALINE	False	12	27	True	True
mutante	local_data/hdf5/proc_483p.hdf5	residue-srv:A:329:Serine->Arginine:pos_329_S_R	329	SERINE	ARGININE	False	16	44	True	True
mutante	local_data/hdf5/proc_483p.hdf5	residue-srv:A:329:Serine->Cysteine:pos_329_S_C	329	SERINE	CYSTEINE	False	14	34	True	True
mutante	local_data/hdf5/proc_483p.hdf5	residue-srv:A:329:Serine->Glycine:pos_329_S_G	329	SERINE	GLYCINE	False	14	36	True	True
mutante	local_data/hdf5/proc_483p.hdf5	residue-srv:A:32:Leucine->Arginine:pos_32_L_R	32	LEUCINE	ARGININE	False	33	125	True	True
mutante	local_data/hdf5/proc_483p.hdf5	residue-srv:A:330:Glycine->Glutamate:pos_330_G_E	330	GLYCINE	GLUTAMATE	False	20	53	True	True
mutante	local_data/hdf5/proc_483p.hdf5	residue-srv:A:337:Serine->Asparagine:pos_337_S_N	337	SERINE	ASPARAGINE	False	19	59	True	True
mutante	local_data/hdf5/proc_483p.hdf5	residue-srv:A:338:Threonine->Alanine:pos_338_T_A	338	THREONINE	ALANINE	False	12	23	True	True
mutante	local_data/hdf5/proc_483p.hdf5	residue-srv:A:340:Threonine->Isoleucine:pos_340_T_I	340	THREONINE	ISOLEUCINE	False	11	24	True	True
mutante	local_data/hdf5/proc_483p.hdf5	residue-srv:A:342:Serine->Phenylalanine:pos_342_S_F	342	SERINE	PHENYLALANINE	False	12	26	True	True
mutante	local_data/hdf5/proc_483p.hdf5	residue-srv:A:342:Serine->Proline:pos_342_S_P	342	SERINE	PROLINE	False	12	27	True	True
mutante	local_data/hdf5/proc_483p.hdf5	residue-srv:A:343:Glutamine->Arginine:pos_343_Q_R	343	GLUTAMINE	ARGININE	False	11	20	True	True
mutante	local_data/hdf5/proc_483p.hdf5	residue-srv:A:345:Glycine->Arginine:pos_345_G_R	345	GLYCINE	ARGININE	False	20	51	True	True
mutante	local_data/hdf5/proc_483p.hdf5	residue-srv:A:349:Methionine->Valine:pos_349_M_V	349	METHIONINE	VALINE	False	29	112	True	True
mutante	local_data/hdf5/proc_483p.hdf5	residue-srv:A:34:Serine->Cysteine:pos_34_S_C	34	SERINE	CYSTEINE	False	36	141	True	True
mutante	local_data/hdf5/proc_483p.hdf5	residue-srv:A:350:Glutamate->Lysine:pos_350_E_K	350	GLUTAMATE	LYSINE	False	24	83	True	True
mutante	local_data/hdf5/proc_483p.hdf5	residue-srv:A:353:Leucine->Proline:pos_353_L_P	353	LEUCINE	PROLINE	False	39	178	True	True
mutante	local_data/hdf5/proc_483p.hdf5	residue-srv:A:353:Leucine->Valine:pos_353_L_V	353	LEUCINE	VALINE	False	40	188	True	True
mutante	local_data/hdf5/proc_483p.hdf5	residue-srv:A:356:Alanine->Glutamate:pos_356_A_E	356	ALANINE	GLUTAMATE	False	38	171	True	True
mutante	local_data/hdf5/proc_483p.hdf5	residue-srv:A:356:Alanine->Proline:pos_356_A_P	356	ALANINE	PROLINE	False	32	145	True	True
mutante	local_data/hdf5/proc_483p.hdf5	residue-srv:A:357:Valine->Methionine:pos_357_V_M	357	VALINE	METHIONINE	False	35	161	True	True
mutante	local_data/hdf5/proc_483p.hdf5	residue-srv:A:358:Serine->Asparagine:pos_358_S_N	358	SERINE	ASPARAGINE	False	25	97	True	True
mutante	local_data/hdf5/proc_483p.hdf5	residue-srv:A:359:Methionine->Valine:pos_359_M_V	359	METHIONINE	VALINE	False	31	143	True	True
mutante	local_data/hdf5/proc_483p.hdf5	residue-srv:A:360:Leucine->Proline:pos_360_L_P	360	LEUCINE	PROLINE	False	43	210	True	True
mutante	local_data/hdf5/proc_483p.hdf5	residue-srv:A:361:Glutamate->Lysine:pos_361_E_K	361	GLUTAMATE	LYSINE	False	26	106	True	True
mutante	local_data/hdf5/proc_483p.hdf5	residue-srv:A:363:Aspartate->Asparagine:pos_363_D_N	363	ASPARTATE	ASPARAGINE	False	15	44	True	True
mutante	local_data/hdf5/proc_483p.hdf5	residue-srv:A:363:Aspartate->Tyrosine:pos_363_D_Y	363	ASPARTATE	TYROSINE	False	14	38	True	True
mutante	local_data/hdf5/proc_483p.hdf5	residue-srv:A:364:Histidine->Leucine:pos_364_H_L	364	HISTIDINE	LEUCINE	False	21	72	True	True
mutante	local_data/hdf5/proc_483p.hdf5	residue-srv:A:365:Methionine->Isoleucine:pos_365_M_I	365	METHIONINE	ISOLEUCINE	False	23	86	True	True
mutante	local_data/hdf5/proc_483p.hdf5	residue-srv:A:365:Methionine->Valine:pos_365_M_V	365	METHIONINE	VALINE	False	26	100	True	True
mutante	local_data/hdf5/proc_483p.hdf5	residue-srv:A:366:Leucine->Proline:pos_366_L_P	366	LEUCINE	PROLINE	False	25	93	True	True
mutante	local_data/hdf5/proc_483p.hdf5	residue-srv:A:369:Arginine->Lysine:pos_369_R_K	369	ARGININE	LYSINE	False	27	131	True	True
mutante	local_data/hdf5/proc_483p.hdf5	residue-srv:A:372:Alanine->Proline:pos_372_A_P	372	ALANINE	PROLINE	False	36	165	True	True
mutante	local_data/hdf5/proc_483p.hdf5	residue-srv:A:372:Alanine->Threonine:pos_372_A_T	372	ALANINE	THREONINE	False	32	138	True	True
mutante	local_data/hdf5/proc_483p.hdf5	residue-srv:A:374:Alanine->Serine:pos_374_A_S	374	ALANINE	SERINE	False	43	223	True	True
mutante	local_data/hdf5/proc_483p.hdf5	residue-srv:A:376:Phenylalanine->Serine:pos_376_F_S	376	PHENYLALANINE	SERINE	False	36	161	True	True
mutante	local_data/hdf5/proc_483p.hdf5	residue-srv:A:377:Isoleucine->Threonine:pos_377_I_T	377	ISOLEUCINE	THREONINE	False	46	221	True	True
mutante	local_data/hdf5/proc_483p.hdf5	residue-srv:A:377:Isoleucine->Valine:pos_377_I_V	377	ISOLEUCINE	VALINE	False	50	261	True	True
mutante	local_data/hdf5/proc_483p.hdf5	residue-srv:A:378:Glutamine->Arginine:pos_378_Q_R	378	GLUTAMINE	ARGININE	False	37	166	True	True
mutante	local_data/hdf5/proc_483p.hdf5	residue-srv:A:380:Glutamate->Lysine:pos_380_E_K	380	GLUTAMATE	LYSINE	False	32	139	True	True
mutante	local_data/hdf5/proc_483p.hdf5	residue-srv:A:381:Cysteine->Tyrosine:pos_381_C_Y	381	CYSTEINE	TYROSINE	False	47	213	True	True
mutante	local_data/hdf5/proc_483p.hdf5	residue-srv:A:382:Phenylalanine->Leucine:pos_382_F_L	382	PHENYLALANINE	LEUCINE	False	30	112	True	True
mutante	local_data/hdf5/proc_483p.hdf5	residue-srv:A:385:Serine->Cysteine:pos_385_S_C	385	SERINE	CYSTEINE	False	34	150	True	True
mutante	local_data/hdf5/proc_483p.hdf5	residue-srv:A:385:Serine->Proline:pos_385_S_P	385	SERINE	PROLINE	False	32	125	True	True
mutante	local_data/hdf5/proc_483p.hdf5	residue-srv:A:388:Arginine->Glutamine:pos_388_R_Q	388	ARGININE	GLUTAMINE	False	41	191	True	True
mutante	local_data/hdf5/proc_483p.hdf5	residue-srv:A:388:Arginine->Glycine:pos_388_R_G	388	ARGININE	GLYCINE	False	34	157	True	True
mutante	local_data/hdf5/proc_483p.hdf5	residue-srv:A:388:Arginine->Proline:pos_388_R_P	388	ARGININE	PROLINE	False	36	177	True	True
mutante	local_data/hdf5/proc_483p.hdf5	residue-srv:A:388:Arginine->Tryptophan:pos_388_R_W	388	ARGININE	TRYPTOPHAN	False	47	221	True	True
mutante	local_data/hdf5/proc_483p.hdf5	residue-srv:A:391:Valine->Isoleucine:pos_391_V_I	391	VALINE	ISOLEUCINE	False	43	214	True	True
mutante	local_data/hdf5/proc_483p.hdf5	residue-srv:A:394:Leucine->Histidine:pos_394_L_H	394	LEUCINE	HISTIDINE	False	35	157	True	True
mutante	local_data/hdf5/proc_483p.hdf5	residue-srv:A:394:Leucine->Phenylalanine:pos_394_L_F	394	LEUCINE	PHENYLALANINE	False	31	130	True	True
mutante	local_data/hdf5/proc_483p.hdf5	residue-srv:A:395:Arginine->Histidine:pos_395_R_H	395	ARGININE	HISTIDINE	False	26	109	True	True
mutante	local_data/hdf5/proc_483p.hdf5	residue-srv:A:395:Arginine->Proline:pos_395_R_P	395	ARGININE	PROLINE	False	27	116	True	True
mutante	local_data/hdf5/proc_483p.hdf5	residue-srv:A:395:Arginine->Serine:pos_395_R_S	395	ARGININE	SERINE	False	28	119	True	True
mutante	local_data/hdf5/proc_483p.hdf5	residue-srv:A:397:Isoleucine->Asparagine:pos_397_I_N	397	ISOLEUCINE	ASPARAGINE	False	45	226	True	True
mutante	local_data/hdf5/proc_483p.hdf5	residue-srv:A:397:Isoleucine->Valine:pos_397_I_V	397	ISOLEUCINE	VALINE	False	45	225	True	True
mutante	local_data/hdf5/proc_483p.hdf5	residue-srv:A:3:Alanine->Valine:pos_3_A_V	3	ALANINE	VALINE	False	25	84	True	True
mutante	local_data/hdf5/proc_483p.hdf5	residue-srv:A:401:Leucine->Glutamine:pos_401_L_Q	401	LEUCINE	GLUTAMINE	False	44	222	True	True
mutante	local_data/hdf5/proc_483p.hdf5	residue-srv:A:411:Valine->Isoleucine:pos_411_V_I	411	VALINE	ISOLEUCINE	False	41	198	True	True
mutante	local_data/hdf5/proc_483p.hdf5	residue-srv:A:413:Arginine->Glutamine:pos_413_R_Q	413	ARGININE	GLUTAMINE	False	39	186	True	True
mutante	local_data/hdf5/proc_483p.hdf5	residue-srv:A:415:Valine->Glycine:pos_415_V_G	415	VALINE	GLYCINE	False	38	188	True	True
mutante	local_data/hdf5/proc_483p.hdf5	residue-srv:A:417:Glycine->Arginine:pos_417_G_R	417	GLYCINE	ARGININE	False	42	193	True	True
mutante	local_data/hdf5/proc_483p.hdf5	residue-srv:A:419:Leucine->Leucine:PKP2_WT	419	LEUCINE	LEUCINE	False	51	271	False	True
mutante	local_data/hdf5/proc_483p.hdf5	residue-srv:A:419:Leucine->Serine:pos_419_L_S	419	LEUCINE	SERINE	False	45	222	True	True
mutante	local_data/hdf5/proc_483p.hdf5	residue-srv:A:424:Phenylalanine->Isoleucine:pos_424_F_I	424	PHENYLALANINE	ISOLEUCINE	False	40	161	True	True
mutante	local_data/hdf5/proc_483p.hdf5	residue-srv:A:424:Phenylalanine->Leucine:pos_424_F_L	424	PHENYLALANINE	LEUCINE	False	38	150	True	True
mutante	local_data/hdf5/proc_483p.hdf5	residue-srv:A:424:Phenylalanine->Serine:pos_424_F_S	424	PHENYLALANINE	SERINE	False	36	141	True	True
mutante	local_data/hdf5/proc_483p.hdf5	residue-srv:A:426:Aspartate->Histidine:pos_426_D_H	426	ASPARTATE	HISTIDINE	False	32	105	True	True
mutante	local_data/hdf5/proc_483p.hdf5	residue-srv:A:427:Asparagine->Histidine:pos_427_N_H	427	ASPARAGINE	HISTIDINE	False	35	123	True	True
mutante	local_data/hdf5/proc_483p.hdf5	residue-srv:A:427:Asparagine->Serine:pos_427_N_S	427	ASPARAGINE	SERINE	False	33	124	True	True
mutante	local_data/hdf5/proc_483p.hdf5	residue-srv:A:430:Lysine->Glutamate:pos_430_K_E	430	LYSINE	GLUTAMATE	False	46	229	True	True
mutante	local_data/hdf5/proc_483p.hdf5	residue-srv:A:431:Leucine->Serine:pos_431_L_S	431	LEUCINE	SERINE	False	34	143	True	True
mutante	local_data/hdf5/proc_483p.hdf5	residue-srv:A:432:Glutamate->Glutamine:pos_432_E_Q	432	GLUTAMATE	GLUTAMINE	False	38	176	True	True
mutante	local_data/hdf5/proc_483p.hdf5	residue-srv:A:433:Valine->Alanine:pos_433_V_A	433	VALINE	ALANINE	False	39	183	True	True
mutante	local_data/hdf5/proc_483p.hdf5	residue-srv:A:435:Glutamate->Lysine:pos_435_E_K	435	GLUTAMATE	LYSINE	False	31	126	True	True
mutante	local_data/hdf5/proc_483p.hdf5	residue-srv:A:437:Asparagine->Tyrosine:pos_437_N_Y	437	ASPARAGINE	TYROSINE	False	35	145	True	True
mutante	local_data/hdf5/proc_483p.hdf5	residue-srv:A:438:Glycine->Arginine:pos_438_G_R	438	GLYCINE	ARGININE	False	54	267	True	True
mutante	local_data/hdf5/proc_483p.hdf5	residue-srv:A:439:Valine->Glycine:pos_439_V_G	439	VALINE	GLYCINE	False	36	165	True	True
mutante	local_data/hdf5/proc_483p.hdf5	residue-srv:A:439:Valine->Isoleucine:pos_439_V_I	439	VALINE	ISOLEUCINE	False	49	261	True	True
mutante	local_data/hdf5/proc_483p.hdf5	residue-srv:A:440:Proline->Leucine:pos_440_P_L	440	PROLINE	LEUCINE	False	33	143	True	True
mutante	local_data/hdf5/proc_483p.hdf5	residue-srv:A:441:Arginine->Proline:pos_441_R_P	441	ARGININE	PROLINE	False	33	140	True	True
mutante	local_data/hdf5/proc_483p.hdf5	residue-srv:A:441:Arginine->Tryptophan:pos_441_R_W	441	ARGININE	TRYPTOPHAN	False	40	193	True	True
mutante	local_data/hdf5/proc_483p.hdf5	residue-srv:A:443:Leucine->Proline:pos_443_L_P	443	LEUCINE	PROLINE	False	34	150	True	True
mutante	local_data/hdf5/proc_483p.hdf5	residue-srv:A:444:Glutamine->Histidine:pos_444_Q_H	444	GLUTAMINE	HISTIDINE	False	24	95	True	True
mutante	local_data/hdf5/proc_483p.hdf5	residue-srv:A:456:Lysine->Arginine:pos_456_K_R	456	LYSINE	ARGININE	False	41	169	True	True
mutante	local_data/hdf5/proc_483p.hdf5	residue-srv:A:456:Lysine->Glutamine:pos_456_K_Q	456	LYSINE	GLUTAMINE	False	40	178	True	True
mutante	local_data/hdf5/proc_483p.hdf5	residue-srv:A:456:Lysine->Threonine:pos_456_K_T	456	LYSINE	THREONINE	False	32	147	True	True
mutante	local_data/hdf5/proc_483p.hdf5	residue-srv:A:458:Isoleucine->Lysine:pos_458_I_K	458	ISOLEUCINE	LYSINE	False	57	309	True	True
mutante	local_data/hdf5/proc_483p.hdf5	residue-srv:A:458:Isoleucine->Valine:pos_458_I_V	458	ISOLEUCINE	VALINE	False	51	276	True	True
mutante	local_data/hdf5/proc_483p.hdf5	residue-srv:A:459:Threonine->Isoleucine:pos_459_T_I	459	THREONINE	ISOLEUCINE	False	53	277	True	True
mutante	local_data/hdf5/proc_483p.hdf5	residue-srv:A:460:Glycine->Arginine:pos_460_G_R	460	GLYCINE	ARGININE	False	45	205	True	True
mutante	local_data/hdf5/proc_483p.hdf5	residue-srv:A:460:Glycine->Aspartate:pos_460_G_D	460	GLYCINE	ASPARTATE	False	41	191	True	True
mutante	local_data/hdf5/proc_483p.hdf5	residue-srv:A:460:Glycine->Serine:pos_460_G_S	460	GLYCINE	SERINE	False	43	205	True	True
mutante	local_data/hdf5/proc_483p.hdf5	residue-srv:A:465:Leucine->Phenylalanine:pos_465_L_F	465	LEUCINE	PHENYLALANINE	False	53	262	True	True
mutante	local_data/hdf5/proc_483p.hdf5	residue-srv:A:465:Leucine->Serine:pos_465_L_S	465	LEUCINE	SERINE	False	44	209	True	True
mutante	local_data/hdf5/proc_483p.hdf5	residue-srv:A:467:Serine->Phenylalanine:pos_467_S_F	467	SERINE	PHENYLALANINE	False	41	171	True	True
mutante	local_data/hdf5/proc_483p.hdf5	residue-srv:A:468:Asparagine->Lysine:pos_468_N_K	468	ASPARAGINE	LYSINE	False	43	183	True	True
mutante	local_data/hdf5/proc_483p.hdf5	residue-srv:A:469:Aspartate->Asparagine:pos_469_D_N	469	ASPARTATE	ASPARAGINE	False	36	130	True	True
mutante	local_data/hdf5/proc_483p.hdf5	residue-srv:A:471:Leucine->Valine:pos_471_L_V	471	LEUCINE	VALINE	False	42	201	True	True
mutante	local_data/hdf5/proc_483p.hdf5	residue-srv:A:472:Lysine->Arginine:pos_472_K_R	472	LYSINE	ARGININE	False	52	244	True	True
mutante	local_data/hdf5/proc_483p.hdf5	residue-srv:A:473:Asparagine->Serine:pos_473_N_S	473	ASPARAGINE	SERINE	False	39	161	True	True
mutante	local_data/hdf5/proc_483p.hdf5	residue-srv:A:474:Leucine->Valine:pos_474_L_V	474	LEUCINE	VALINE	False	41	197	True	True
mutante	local_data/hdf5/proc_483p.hdf5	residue-srv:A:475:Methionine->Leucine:pos_475_M_L	475	METHIONINE	LEUCINE	False	49	244	True	True
mutante	local_data/hdf5/proc_483p.hdf5	residue-srv:A:476:Isoleucine->Lysine:pos_476_I_K	476	ISOLEUCINE	LYSINE	False	41	189	True	True
mutante	local_data/hdf5/proc_483p.hdf5	residue-srv:A:476:Isoleucine->Valine:pos_476_I_V	476	ISOLEUCINE	VALINE	False	36	174	True	True
mutante	local_data/hdf5/proc_483p.hdf5	residue-srv:A:477:Threonine->Alanine:pos_477_T_A	477	THREONINE	ALANINE	False	27	107	True	True
mutante	local_data/hdf5/proc_483p.hdf5	residue-srv:A:478:Glutamate->Lysine:pos_478_E_K	478	GLUTAMATE	LYSINE	False	33	137	True	True
mutante	local_data/hdf5/proc_483p.hdf5	residue-srv:A:479:Alanine->Serine:pos_479_A_S	479	ALANINE	SERINE	False	40	190	True	True
mutante	local_data/hdf5/proc_483p.hdf5	residue-srv:A:481:Leucine->Arginine:pos_481_L_R	481	LEUCINE	ARGININE	False	27	112	True	True
mutante	local_data/hdf5/proc_483p.hdf5	residue-srv:A:482:Threonine->Alanine:pos_482_T_A	482	THREONINE	ALANINE	False	30	132	True	True
mutante	local_data/hdf5/proc_483p.hdf5	residue-srv:A:482:Threonine->Methionine:pos_482_T_M	482	THREONINE	METHIONINE	False	32	151	True	True
mutante	local_data/hdf5/proc_483p.hdf5	residue-srv:A:483:Leucine->Arginine:pos_483_L_R	483	LEUCINE	ARGININE	False	51	250	True	True
mutante	local_data/hdf5/proc_483p.hdf5	residue-srv:A:483:Leucine->Proline:pos_483_L_P	483	LEUCINE	PROLINE	False	35	149	True	True
mutante	local_data/hdf5/proc_483p.hdf5	residue-srv:A:484:Threonine->Methionine:pos_484_T_M	484	THREONINE	METHIONINE	False	39	183	True	True
mutante	local_data/hdf5/proc_483p.hdf5	residue-srv:A:486:Asparagine->Isoleucine:pos_486_N_I	486	ASPARAGINE	ISOLEUCINE	False	30	124	True	True
mutante	local_data/hdf5/proc_483p.hdf5	residue-srv:A:487:Isoleucine->Serine:pos_487_I_S	487	ISOLEUCINE	SERINE	False	42	196	True	True
mutante	local_data/hdf5/proc_483p.hdf5	residue-srv:A:489:Isoleucine->Valine:pos_489_I_V	489	ISOLEUCINE	VALINE	False	33	150	True	True
mutante	local_data/hdf5/proc_483p.hdf5	residue-srv:A:493:Glycine->Alanine:pos_493_G_A	493	GLYCINE	ALANINE	False	22	78	True	True
mutante	local_data/hdf5/proc_483p.hdf5	residue-srv:A:495:Proline->Alanine:pos_495_P_A	495	PROLINE	ALANINE	False	22	96	True	True
mutante	local_data/hdf5/proc_483p.hdf5	residue-srv:A:495:Proline->Leucine:pos_495_P_L	495	PROLINE	LEUCINE	False	20	73	True	True
mutante	local_data/hdf5/proc_483p.hdf5	residue-srv:A:498:Aspartate->Asparagine:pos_498_D_N	498	ASPARTATE	ASPARAGINE	False	34	139	True	True
mutante	local_data/hdf5/proc_483p.hdf5	residue-srv:A:4:Proline->Serine:pos_4_P_S	4	PROLINE	SERINE	False	27	88	True	True
mutante	local_data/hdf5/proc_483p.hdf5	residue-srv:A:502:Alanine->Glycine:pos_502_A_G	502	ALANINE	GLYCINE	False	15	47	True	True
mutante	local_data/hdf5/proc_483p.hdf5	residue-srv:A:502:Alanine->Threonine:pos_502_A_T	502	ALANINE	THREONINE	False	15	46	True	True
mutante	local_data/hdf5/proc_483p.hdf5	residue-srv:A:504:Glycine->Aspartate:pos_504_G_D	504	GLYCINE	ASPARTATE	False	22	76	True	True
mutante	local_data/hdf5/proc_483p.hdf5	residue-srv:A:504:Glycine->Cysteine:pos_504_G_C	504	GLYCINE	CYSTEINE	False	27	96	True	True
mutante	local_data/hdf5/proc_483p.hdf5	residue-srv:A:504:Glycine->Valine:pos_504_G_V	504	GLYCINE	VALINE	False	29	104	True	True
mutante	local_data/hdf5/proc_483p.hdf5	residue-srv:A:505:Leucine->Phenylalanine:pos_505_L_F	505	LEUCINE	PHENYLALANINE	False	33	119	True	True
mutante	local_data/hdf5/proc_483p.hdf5	residue-srv:A:506:Leucine->Phenylalanine:pos_506_L_F	506	LEUCINE	PHENYLALANINE	False	31	119	True	True
mutante	local_data/hdf5/proc_483p.hdf5	residue-srv:A:507:Aspartate->Glycine:pos_507_D_G	507	ASPARTATE	GLYCINE	False	32	131	True	True
mutante	local_data/hdf5/proc_483p.hdf5	residue-srv:A:507:Aspartate->Tyrosine:pos_507_D_Y	507	ASPARTATE	TYROSINE	False	35	153	True	True
mutante	local_data/hdf5/proc_483p.hdf5	residue-srv:A:508:Phenylalanine->Cysteine:pos_508_F_C	508	PHENYLALANINE	CYSTEINE	False	32	137	True	True
mutante	local_data/hdf5/proc_483p.hdf5	residue-srv:A:50:Threonine->Arginine:pos_50_T_R	50	THREONINE	ARGININE	False	41	176	True	True
mutante	local_data/hdf5/proc_483p.hdf5	residue-srv:A:50:Threonine->Isoleucine:pos_50_T_I	50	THREONINE	ISOLEUCINE	False	35	149	True	True
mutante	local_data/hdf5/proc_483p.hdf5	residue-srv:A:510:Isoleucine->Valine:pos_510_I_V	510	ISOLEUCINE	VALINE	False	36	174	True	True
mutante	local_data/hdf5/proc_483p.hdf5	residue-srv:A:513:Asparagine->Aspartate:pos_513_N_D	513	ASPARAGINE	ASPARTATE	False	44	214	True	True
mutante	local_data/hdf5/proc_483p.hdf5	residue-srv:A:514:Valine->Isoleucine:pos_514_V_I	514	VALINE	ISOLEUCINE	False	50	262	True	True
mutante	local_data/hdf5/proc_483p.hdf5	residue-srv:A:516:Glycine->Alanine:pos_516_G_A	516	GLYCINE	ALANINE	False	42	208	True	True
mutante	local_data/hdf5/proc_483p.hdf5	residue-srv:A:516:Glycine->Valine:pos_516_G_V	516	GLYCINE	VALINE	False	44	211	True	True
mutante	local_data/hdf5/proc_483p.hdf5	residue-srv:A:521:Methionine->Valine:pos_521_M_V	521	METHIONINE	VALINE	False	43	219	True	True
mutante	local_data/hdf5/proc_483p.hdf5	residue-srv:A:522:Serine->Isoleucine:pos_522_S_I	522	SERINE	ISOLEUCINE	False	47	232	True	True
mutante	local_data/hdf5/proc_483p.hdf5	residue-srv:A:523:Serine->Phenylalanine:pos_523_S_F	523	SERINE	PHENYLALANINE	False	44	197	True	True
mutante	local_data/hdf5/proc_483p.hdf5	residue-srv:A:523:Serine->Threonine:pos_523_S_T	523	SERINE	THREONINE	False	39	175	True	True
mutante	local_data/hdf5/proc_483p.hdf5	residue-srv:A:524:Alanine->Valine:pos_524_A_V	524	ALANINE	VALINE	False	37	141	True	True
mutante	local_data/hdf5/proc_483p.hdf5	residue-srv:A:525:Glycine->Aspartate:pos_525_G_D	525	GLYCINE	ASPARTATE	False	33	123	True	True
mutante	local_data/hdf5/proc_483p.hdf5	residue-srv:A:525:Glycine->Serine:pos_525_G_S	525	GLYCINE	SERINE	False	31	113	True	True
mutante	local_data/hdf5/proc_483p.hdf5	residue-srv:A:526:Alanine->Valine:pos_526_A_V	526	ALANINE	VALINE	False	34	113	True	True
mutante	local_data/hdf5/proc_483p.hdf5	residue-srv:A:527:Aspartate->Asparagine:pos_527_D_N	527	ASPARTATE	ASPARAGINE	False	27	102	True	True
mutante	local_data/hdf5/proc_483p.hdf5	residue-srv:A:529:Arginine->Lysine:pos_529_R_K	529	ARGININE	LYSINE	False	42	192	True	True
mutante	local_data/hdf5/proc_483p.hdf5	residue-srv:A:52:Lysine->Asparagine:pos_52_K_N	52	LYSINE	ASPARAGINE	False	22	84	True	True
mutante	local_data/hdf5/proc_483p.hdf5	residue-srv:A:52:Lysine->Glutamate:pos_52_K_E	52	LYSINE	GLUTAMATE	False	22	94	True	True
mutante	local_data/hdf5/proc_483p.hdf5	residue-srv:A:531:Alanine->Valine:pos_531_A_V	531	ALANINE	VALINE	False	31	141	True	True
mutante	local_data/hdf5/proc_483p.hdf5	residue-srv:A:532:Methionine->Leucine:pos_532_M_L	532	METHIONINE	LEUCINE	False	45	229	True	True
mutante	local_data/hdf5/proc_483p.hdf5	residue-srv:A:534:Arginine->Glycine:pos_534_R_G	534	ARGININE	GLYCINE	False	27	109	True	True
mutante	local_data/hdf5/proc_483p.hdf5	residue-srv:A:534:Arginine->Serine:pos_534_R_S	534	ARGININE	SERINE	False	26	99	True	True
mutante	local_data/hdf5/proc_483p.hdf5	residue-srv:A:535:Cysteine->Tyrosine:pos_535_C_Y	535	CYSTEINE	TYROSINE	False	31	134	True	True
mutante	local_data/hdf5/proc_483p.hdf5	residue-srv:A:537:Glycine->Arginine:pos_537_G_R	537	GLYCINE	ARGININE	False	29	125	True	True
mutante	local_data/hdf5/proc_483p.hdf5	residue-srv:A:537:Glycine->Glutamate:pos_537_G_E	537	GLYCINE	GLUTAMATE	False	33	150	True	True
mutante	local_data/hdf5/proc_483p.hdf5	residue-srv:A:538:Leucine->Phenylalanine:pos_538_L_F	538	LEUCINE	PHENYLALANINE	False	45	219	True	True
mutante	local_data/hdf5/proc_483p.hdf5	residue-srv:A:538:Leucine->Proline:pos_538_L_P	538	LEUCINE	PROLINE	False	38	175	True	True
mutante	local_data/hdf5/proc_483p.hdf5	residue-srv:A:543:Valine->Isoleucine:pos_543_V_I	543	VALINE	ISOLEUCINE	False	38	163	True	True
mutante	local_data/hdf5/proc_483p.hdf5	residue-srv:A:543:Valine->Leucine:pos_543_V_L	543	VALINE	LEUCINE	False	46	208	True	True
mutante	local_data/hdf5/proc_483p.hdf5	residue-srv:A:544:Histidine->Arginine:pos_544_H_R	544	HISTIDINE	ARGININE	False	35	149	True	True
mutante	local_data/hdf5/proc_483p.hdf5	residue-srv:A:546:Valine->Alanine:pos_546_V_A	546	VALINE	ALANINE	False	43	198	True	True
mutante	local_data/hdf5/proc_483p.hdf5	residue-srv:A:546:Valine->Isoleucine:pos_546_V_I	546	VALINE	ISOLEUCINE	False	50	238	True	True
mutante	local_data/hdf5/proc_483p.hdf5	residue-srv:A:548:Glycine->Arginine:pos_548_G_R	548	GLYCINE	ARGININE	False	28	106	True	True
mutante	local_data/hdf5/proc_483p.hdf5	residue-srv:A:550:Isoleucine->Asparagine:pos_550_I_N	550	ISOLEUCINE	ASPARAGINE	False	37	170	True	True
mutante	local_data/hdf5/proc_483p.hdf5	residue-srv:A:550:Isoleucine->Valine:pos_550_I_V	550	ISOLEUCINE	VALINE	False	34	163	True	True
mutante	local_data/hdf5/proc_483p.hdf5	residue-srv:A:552:Aspartate->Glutamate:pos_552_D_E	552	ASPARTATE	GLUTAMATE	False	20	70	True	True
mutante	local_data/hdf5/proc_483p.hdf5	residue-srv:A:555:Proline->Threonine:pos_555_P_T	555	PROLINE	THREONINE	False	40	194	True	True
mutante	local_data/hdf5/proc_483p.hdf5	residue-srv:A:556:Aspartate->Asparagine:pos_556_D_N	556	ASPARTATE	ASPARAGINE	False	38	162	True	True
mutante	local_data/hdf5/proc_483p.hdf5	residue-srv:A:55:Arginine->Leucine:pos_55_R_L	55	ARGININE	LEUCINE	False	24	98	True	True
mutante	local_data/hdf5/proc_483p.hdf5	residue-srv:A:560:Threonine->Methionine:pos_560_T_M	560	THREONINE	METHIONINE	False	49	258	True	True
mutante	local_data/hdf5/proc_483p.hdf5	residue-srv:A:562:Asparagine->Serine:pos_562_N_S	562	ASPARAGINE	SERINE	False	44	223	True	True
mutante	local_data/hdf5/proc_483p.hdf5	residue-srv:A:563:Cysteine->Tryptophan:pos_563_C_W	563	CYSTEINE	TRYPTOPHAN	False	62	340	True	True
mutante	local_data/hdf5/proc_483p.hdf5	residue-srv:A:564:Valine->Methionine:pos_564_V_M	564	VALINE	METHIONINE	False	53	282	True	True
mutante	local_data/hdf5/proc_483p.hdf5	residue-srv:A:566:Isoleucine->Valine:pos_566_I_V	566	ISOLEUCINE	VALINE	False	48	244	True	True
mutante	local_data/hdf5/proc_483p.hdf5	residue-srv:A:569:Asparagine->Lysine:pos_569_N_K	569	ASPARAGINE	LYSINE	False	49	234	True	True
mutante	local_data/hdf5/proc_483p.hdf5	residue-srv:A:571:Serine->Phenylalanine:pos_571_S_F	571	SERINE	PHENYLALANINE	False	48	226	True	True
mutante	local_data/hdf5/proc_483p.hdf5	residue-srv:A:571:Serine->Threonine:pos_571_S_T	571	SERINE	THREONINE	False	41	184	True	True
mutante	local_data/hdf5/proc_483p.hdf5	residue-srv:A:573:Glutamine->Histidine:pos_573_Q_H	573	GLUTAMINE	HISTIDINE	False	41	155	True	True
mutante	local_data/hdf5/proc_483p.hdf5	residue-srv:A:580:Glutamate->Aspartate:pos_580_E_D	580	GLUTAMATE	ASPARTATE	False	29	107	True	True
mutante	local_data/hdf5/proc_483p.hdf5	residue-srv:A:582:Tyrosine->Asparagine:pos_582_Y_N	582	TYROSINE	ASPARAGINE	False	36	138	True	True
mutante	local_data/hdf5/proc_483p.hdf5	residue-srv:A:583:Serine->Cysteine:pos_583_S_C	583	SERINE	CYSTEINE	False	37	143	True	True
mutante	local_data/hdf5/proc_483p.hdf5	residue-srv:A:583:Serine->Phenylalanine:pos_583_S_F	583	SERINE	PHENYLALANINE	False	40	163	True	True
mutante	local_data/hdf5/proc_483p.hdf5	residue-srv:A:586:Isoleucine->Threonine:pos_586_I_T	586	ISOLEUCINE	THREONINE	False	30	116	True	True
mutante	local_data/hdf5/proc_483p.hdf5	residue-srv:A:586:Isoleucine->Valine:pos_586_I_V	586	ISOLEUCINE	VALINE	False	33	124	True	True
mutante	local_data/hdf5/proc_483p.hdf5	residue-srv:A:587:Tyrosine->Cysteine:pos_587_Y_C	587	TYROSINE	CYSTEINE	False	28	95	True	True
mutante	local_data/hdf5/proc_483p.hdf5	residue-srv:A:588:Isoleucine->Valine:pos_588_I_V	588	ISOLEUCINE	VALINE	False	19	68	True	True
mutante	local_data/hdf5/proc_483p.hdf5	residue-srv:A:58:Glutamate->Glycine:pos_58_E_G	58	GLUTAMATE	GLYCINE	False	24	97	True	True
mutante	local_data/hdf5/proc_483p.hdf5	residue-srv:A:58:Glutamate->Lysine:pos_58_E_K	58	GLUTAMATE	LYSINE	False	27	109	True	True
mutante	local_data/hdf5/proc_483p.hdf5	residue-srv:A:591:Arginine->Tryptophan:pos_591_R_W	591	ARGININE	TRYPTOPHAN	False	22	78	True	True
mutante	local_data/hdf5/proc_483p.hdf5	residue-srv:A:592:Asparagine->Isoleucine:pos_592_N_I	592	ASPARAGINE	ISOLEUCINE	False	26	88	True	True
mutante	local_data/hdf5/proc_483p.hdf5	residue-srv:A:595:Threonine->Asparagine:pos_595_T_N	595	THREONINE	ASPARAGINE	False	17	48	True	True
mutante	local_data/hdf5/proc_483p.hdf5	residue-srv:A:596:Aspartate->Asparagine:pos_596_D_N	596	ASPARTATE	ASPARAGINE	False	30	101	True	True
mutante	local_data/hdf5/proc_483p.hdf5	residue-srv:A:597:Asparagine->Lysine:pos_597_N_K	597	ASPARAGINE	LYSINE	False	24	71	True	True
mutante	local_data/hdf5/proc_483p.hdf5	residue-srv:A:598:Asparagine->Lysine:pos_598_N_K	598	ASPARAGINE	LYSINE	False	40	158	True	True
mutante	local_data/hdf5/proc_483p.hdf5	residue-srv:A:599:Lysine->Arginine:pos_599_K_R	599	LYSINE	ARGININE	False	36	127	True	True
mutante	local_data/hdf5/proc_483p.hdf5	residue-srv:A:5:Glycine->Aspartate:pos_5_G_D	5	GLYCINE	ASPARTATE	False	19	56	True	True
mutante	local_data/hdf5/proc_483p.hdf5	residue-srv:A:603:Cysteine->Tryptophan:pos_603_C_W	603	CYSTEINE	TRYPTOPHAN	False	41	137	True	True
mutante	local_data/hdf5/proc_483p.hdf5	residue-srv:A:605:Glycine->Arginine:pos_605_G_R	605	GLYCINE	ARGININE	False	42	148	True	True
mutante	local_data/hdf5/proc_483p.hdf5	residue-srv:A:607:Arginine->Glutamine:pos_607_R_Q	607	ARGININE	GLUTAMINE	False	20	59	True	True
mutante	local_data/hdf5/proc_483p.hdf5	residue-srv:A:609:Arginine->Glycine:pos_609_R_G	609	ARGININE	GLYCINE	False	18	59	True	True
mutante	local_data/hdf5/proc_483p.hdf5	residue-srv:A:610:Lysine->Glutamine:pos_610_K_Q	610	LYSINE	GLUTAMINE	False	17	51	True	True
mutante	local_data/hdf5/proc_483p.hdf5	residue-srv:A:611:Valine->Leucine:pos_611_V_L	611	VALINE	LEUCINE	False	26	91	True	True
mutante	local_data/hdf5/proc_483p.hdf5	residue-srv:A:614:Glutamine->Proline:pos_614_Q_P	614	GLUTAMINE	PROLINE	False	24	79	True	True
mutante	local_data/hdf5/proc_483p.hdf5	residue-srv:A:615:Tyrosine->Histidine:pos_615_Y_H	615	TYROSINE	HISTIDINE	False	35	128	True	True
mutante	local_data/hdf5/proc_483p.hdf5	residue-srv:A:616:Glutamine->Histidine:pos_616_Q_H	616	GLUTAMINE	HISTIDINE	False	17	60	True	True
mutante	local_data/hdf5/proc_483p.hdf5	residue-srv:A:618:Valine->Methionine:pos_618_V_M	618	VALINE	METHIONINE	False	20	57	True	True
mutante	local_data/hdf5/proc_483p.hdf5	residue-srv:A:619:Proline->Glutamine:pos_619_P_Q	619	PROLINE	GLUTAMINE	False	25	92	True	True
mutante	local_data/hdf5/proc_483p.hdf5	residue-srv:A:619:Proline->Serine:pos_619_P_S	619	PROLINE	SERINE	False	15	40	True	True
mutante	local_data/hdf5/proc_483p.hdf5	residue-srv:A:620:Methionine->Threonine:pos_620_M_T	620	METHIONINE	THREONINE	False	17	50	True	True
mutante	local_data/hdf5/proc_483p.hdf5	residue-srv:A:621:Proline->Arginine:pos_621_P_R	621	PROLINE	ARGININE	False	13	33	True	True
mutante	local_data/hdf5/proc_483p.hdf5	residue-srv:A:621:Proline->Leucine:pos_621_P_L	621	PROLINE	LEUCINE	False	13	35	True	True
mutante	local_data/hdf5/proc_483p.hdf5	residue-srv:A:625:Serine->Arginine:pos_625_S_R	625	SERINE	ARGININE	False	11	30	True	True
mutante	local_data/hdf5/proc_483p.hdf5	residue-srv:A:625:Serine->Isoleucine:pos_625_S_I	625	SERINE	ISOLEUCINE	False	12	26	True	True
mutante	local_data/hdf5/proc_483p.hdf5	residue-srv:A:625:Serine->Threonine:pos_625_S_T	625	SERINE	THREONINE	False	11	29	True	True
mutante	local_data/hdf5/proc_483p.hdf5	residue-srv:A:626:Asparagine->Lysine:pos_626_N_K	626	ASPARAGINE	LYSINE	False	18	55	True	True
mutante	local_data/hdf5/proc_483p.hdf5	residue-srv:A:627:Proline->Serine:pos_627_P_S	627	PROLINE	SERINE	False	18	59	True	True
mutante	local_data/hdf5/proc_483p.hdf5	residue-srv:A:628:Lysine->Glutamate:pos_628_K_E	628	LYSINE	GLUTAMATE	False	22	71	True	True
mutante	local_data/hdf5/proc_483p.hdf5	residue-srv:A:629:Glycine->Serine:pos_629_G_S	629	GLYCINE	SERINE	False	25	92	True	True
mutante	local_data/hdf5/proc_483p.hdf5	residue-srv:A:629:Glycine->Valine:pos_629_G_V	629	GLYCINE	VALINE	False	27	107	True	True
mutante	local_data/hdf5/proc_483p.hdf5	residue-srv:A:62:Glutamine->Lysine:pos_62_Q_K	62	GLUTAMINE	LYSINE	False	21	81	True	True
mutante	local_data/hdf5/proc_483p.hdf5	residue-srv:A:630:Valine->Alanine:pos_630_V_A	630	VALINE	ALANINE	False	28	107	True	True
mutante	local_data/hdf5/proc_483p.hdf5	residue-srv:A:630:Valine->Leucine:pos_630_V_L	630	VALINE	LEUCINE	False	35	135	True	True
mutante	local_data/hdf5/proc_483p.hdf5	residue-srv:A:631:Glutamate->Aspartate:pos_631_E_D	631	GLUTAMATE	ASPARTATE	False	37	152	True	True
mutante	local_data/hdf5/proc_483p.hdf5	residue-srv:A:632:Tryptophan->Cysteine:pos_632_W_C	632	TRYPTOPHAN	CYSTEINE	False	37	153	True	True
mutante	local_data/hdf5/proc_483p.hdf5	residue-srv:A:634:Tryptophan->Leucine:pos_634_W_L	634	TRYPTOPHAN	LEUCINE	False	33	133	True	True
mutante	local_data/hdf5/proc_483p.hdf5	residue-srv:A:635:Histidine->Tyrosine:pos_635_H_Y	635	HISTIDINE	TYROSINE	False	25	99	True	True
mutante	local_data/hdf5/proc_483p.hdf5	residue-srv:A:639:Isoleucine->Methionine:pos_639_I_M	639	ISOLEUCINE	METHIONINE	False	47	238	True	True
mutante	local_data/hdf5/proc_483p.hdf5	residue-srv:A:63:Threonine->Proline:pos_63_T_P	63	THREONINE	PROLINE	False	17	63	True	True
mutante	local_data/hdf5/proc_483p.hdf5	residue-srv:A:640:Arginine->Serine:pos_640_R_S	640	ARGININE	SERINE	False	29	116	True	True
mutante	local_data/hdf5/proc_483p.hdf5	residue-srv:A:642:Tyrosine->Cysteine:pos_642_Y_C	642	TYROSINE	CYSTEINE	False	43	194	True	True
mutante	local_data/hdf5/proc_483p.hdf5	residue-srv:A:643:Leucine->Arginine:pos_643_L_R	643	LEUCINE	ARGININE	False	44	219	True	True
mutante	local_data/hdf5/proc_483p.hdf5	residue-srv:A:644:Serine->Proline:pos_644_S_P	644	SERINE	PROLINE	False	36	151	True	True
mutante	local_data/hdf5/proc_483p.hdf5	residue-srv:A:647:Alanine->Threonine:pos_647_A_T	647	ALANINE	THREONINE	False	34	139	True	True
mutante	local_data/hdf5/proc_483p.hdf5	residue-srv:A:648:Lysine->Arginine:pos_648_K_R	648	LYSINE	ARGININE	False	33	142	True	True
mutante	local_data/hdf5/proc_483p.hdf5	residue-srv:A:649:Serine->Glycine:pos_649_S_G	649	SERINE	GLYCINE	False	35	151	True	True
mutante	local_data/hdf5/proc_483p.hdf5	residue-srv:A:650:Valine->Isoleucine:pos_650_V_I	650	VALINE	ISOLEUCINE	False	37	157	True	True
mutante	local_data/hdf5/proc_483p.hdf5	residue-srv:A:651:Arginine->Cysteine:pos_651_R_C	651	ARGININE	CYSTEINE	False	34	143	True	True
mutante	local_data/hdf5/proc_483p.hdf5	residue-srv:A:651:Arginine->Histidine:pos_651_R_H	651	ARGININE	HISTIDINE	False	40	168	True	True
mutante	local_data/hdf5/proc_483p.hdf5	residue-srv:A:652:Asparagine->Serine:pos_652_N_S	652	ASPARAGINE	SERINE	False	38	155	True	True
mutante	local_data/hdf5/proc_483p.hdf5	residue-srv:A:653:Tyrosine->Aspartate:pos_653_Y_D	653	TYROSINE	ASPARTATE	False	43	196	True	True
mutante	local_data/hdf5/proc_483p.hdf5	residue-srv:A:653:Tyrosine->Cysteine:pos_653_Y_C	653	TYROSINE	CYSTEINE	False	45	208	True	True
mutante	local_data/hdf5/proc_483p.hdf5	residue-srv:A:654:Threonine->Alanine:pos_654_T_A	654	THREONINE	ALANINE	False	43	213	True	True
mutante	local_data/hdf5/proc_483p.hdf5	residue-srv:A:654:Threonine->Lysine:pos_654_T_K	654	THREONINE	LYSINE	False	53	280	True	True
mutante	local_data/hdf5/proc_483p.hdf5	residue-srv:A:656:Glutamate->Aspartate:pos_656_E_D	656	GLUTAMATE	ASPARTATE	False	43	205	True	True
mutante	local_data/hdf5/proc_483p.hdf5	residue-srv:A:65:Alanine->Serine:pos_65_A_S	65	ALANINE	SERINE	False	18	64	True	True
mutante	local_data/hdf5/proc_483p.hdf5	residue-srv:A:65:Alanine->Valine:pos_65_A_V	65	ALANINE	VALINE	False	18	68	True	True
mutante	local_data/hdf5/proc_483p.hdf5	residue-srv:A:661:Alanine->Threonine:pos_661_A_T	661	ALANINE	THREONINE	False	49	241	True	True
mutante	local_data/hdf5/proc_483p.hdf5	residue-srv:A:661:Alanine->Valine:pos_661_A_V	661	ALANINE	VALINE	False	50	262	True	True
mutante	local_data/hdf5/proc_483p.hdf5	residue-srv:A:662:Leucine->Proline:pos_662_L_P	662	LEUCINE	PROLINE	False	52	260	True	True
mutante	local_data/hdf5/proc_483p.hdf5	residue-srv:A:663:Glutamine->Histidine:pos_663_Q_H	663	GLUTAMINE	HISTIDINE	False	52	254	True	True
mutante	local_data/hdf5/proc_483p.hdf5	residue-srv:A:664:Asparagine->Isoleucine:pos_664_N_I	664	ASPARAGINE	ISOLEUCINE	False	49	226	True	True
mutante	local_data/hdf5/proc_483p.hdf5	residue-srv:A:665:Leucine->Phenylalanine:pos_665_L_F	665	LEUCINE	PHENYLALANINE	False	51	250	True	True
mutante	local_data/hdf5/proc_483p.hdf5	residue-srv:A:667:Alanine->Proline:pos_667_A_P	667	ALANINE	PROLINE	False	42	192	True	True
mutante	local_data/hdf5/proc_483p.hdf5	residue-srv:A:668:Glycine->Alanine:pos_668_G_A	668	GLYCINE	ALANINE	False	34	132	True	True
mutante	local_data/hdf5/proc_483p.hdf5	residue-srv:A:668:Glycine->Arginine:pos_668_G_R	668	GLYCINE	ARGININE	False	53	225	True	True
mutante	local_data/hdf5/proc_483p.hdf5	residue-srv:A:669:Serine->Asparagine:pos_669_S_N	669	SERINE	ASPARAGINE	False	38	133	True	True
mutante	local_data/hdf5/proc_483p.hdf5	residue-srv:A:673:Proline->Leucine:pos_673_P_L	673	PROLINE	LEUCINE	False	44	211	True	True
mutante	local_data/hdf5/proc_483p.hdf5	residue-srv:A:673:Proline->Serine:pos_673_P_S	673	PROLINE	SERINE	False	41	186	True	True
mutante	local_data/hdf5/proc_483p.hdf5	residue-srv:A:674:Threonine->Isoleucine:pos_674_T_I	674	THREONINE	ISOLEUCINE	False	38	175	True	True
mutante	local_data/hdf5/proc_483p.hdf5	residue-srv:A:675:Serine->Leucine:pos_675_S_L	675	SERINE	LEUCINE	False	32	128	True	True
mutante	local_data/hdf5/proc_483p.hdf5	residue-srv:A:677:Alanine->Glycine:pos_677_A_G	677	ALANINE	GLYCINE	False	38	184	True	True
mutante	local_data/hdf5/proc_483p.hdf5	residue-srv:A:677:Alanine->Valine:pos_677_A_V	677	ALANINE	VALINE	False	43	205	True	True
mutante	local_data/hdf5/proc_483p.hdf5	residue-srv:A:679:Threonine->Isoleucine:pos_679_T_I	679	THREONINE	ISOLEUCINE	False	30	137	True	True
mutante	local_data/hdf5/proc_483p.hdf5	residue-srv:A:680:Valine->Isoleucine:pos_680_V_I	680	VALINE	ISOLEUCINE	False	36	167	True	True
mutante	local_data/hdf5/proc_483p.hdf5	residue-srv:A:681:Valine->Aspartate:pos_681_V_D	681	VALINE	ASPARTATE	False	48	237	True	True
mutante	local_data/hdf5/proc_483p.hdf5	residue-srv:A:683:Lysine->Arginine:pos_683_K_R	683	LYSINE	ARGININE	False	30	131	True	True
mutante	local_data/hdf5/proc_483p.hdf5	residue-srv:A:690:Threonine->Alanine:pos_690_T_A	690	THREONINE	ALANINE	False	44	209	True	True
mutante	local_data/hdf5/proc_483p.hdf5	residue-srv:A:690:Threonine->Isoleucine:pos_690_T_I	690	THREONINE	ISOLEUCINE	False	53	271	True	True
mutante	local_data/hdf5/proc_483p.hdf5	residue-srv:A:691:Arginine->Glutamine:pos_691_R_Q	691	ARGININE	GLUTAMINE	False	38	178	True	True
mutante	local_data/hdf5/proc_483p.hdf5	residue-srv:A:691:Arginine->Glycine:pos_691_R_G	691	ARGININE	GLYCINE	False	35	153	True	True
mutante	local_data/hdf5/proc_483p.hdf5	residue-srv:A:692:Lysine->Glutamate:pos_692_K_E	692	LYSINE	GLUTAMATE	False	31	120	True	True
mutante	local_data/hdf5/proc_483p.hdf5	residue-srv:A:694:Leucine->Arginine:pos_694_L_R	694	LEUCINE	ARGININE	False	52	249	True	True
mutante	local_data/hdf5/proc_483p.hdf5	residue-srv:A:696:Valine->Isoleucine:pos_696_V_I	696	VALINE	ISOLEUCINE	False	38	148	True	True
mutante	local_data/hdf5/proc_483p.hdf5	residue-srv:A:697:Glycine->Valine:pos_697_G_V	697	GLYCINE	VALINE	False	32	113	True	True
mutante	local_data/hdf5/proc_483p.hdf5	residue-srv:A:6:Alanine->Serine:pos_6_A_S	6	ALANINE	SERINE	False	19	56	True	True
mutante	local_data/hdf5/proc_483p.hdf5	residue-srv:A:6:Alanine->Threonine:pos_6_A_T	6	ALANINE	THREONINE	False	26	83	True	True
mutante	local_data/hdf5/proc_483p.hdf5	residue-srv:A:701:Valine->Leucine:pos_701_V_L	701	VALINE	LEUCINE	False	44	199	True	True
mutante	local_data/hdf5/proc_483p.hdf5	residue-srv:A:705:Alanine->Isoleucine:pos_705_A_I	705	ALANINE	ISOLEUCINE	False	50	253	True	True
mutante	local_data/hdf5/proc_483p.hdf5	residue-srv:A:705:Alanine->Threonine:pos_705_A_T	705	ALANINE	THREONINE	False	49	244	True	True
mutante	local_data/hdf5/proc_483p.hdf5	residue-srv:A:705:Alanine->Valine:pos_705_A_V	705	ALANINE	VALINE	False	47	230	True	True
mutante	local_data/hdf5/proc_483p.hdf5	residue-srv:A:706:Isoleucine->Valine:pos_706_I_V	706	ISOLEUCINE	VALINE	False	44	217	True	True
mutante	local_data/hdf5/proc_483p.hdf5	residue-srv:A:707:Serine->Proline:pos_707_S_P	707	SERINE	PROLINE	False	48	229	True	True
mutante	local_data/hdf5/proc_483p.hdf5	residue-srv:A:709:Leucine->Glutamine:pos_709_L_Q	709	LEUCINE	GLUTAMINE	False	53	274	True	True
mutante	local_data/hdf5/proc_483p.hdf5	residue-srv:A:70:Serine->Isoleucine:pos_70_S_I	70	SERINE	ISOLEUCINE	False	15	54	True	True
mutante	local_data/hdf5/proc_483p.hdf5	residue-srv:A:713:Serine->Tyrosine:pos_713_S_Y	713	SERINE	TYROSINE	False	53	263	True	True
mutante	local_data/hdf5/proc_483p.hdf5	residue-srv:A:714:Arginine->Glutamine:pos_714_R_Q	714	ARGININE	GLUTAMINE	False	34	128	True	True
mutante	local_data/hdf5/proc_483p.hdf5	residue-srv:A:714:Arginine->Tryptophan:pos_714_R_W	714	ARGININE	TRYPTOPHAN	False	37	142	True	True
mutante	local_data/hdf5/proc_483p.hdf5	residue-srv:A:720:Asparagine->Histidine:pos_720_N_H	720	ASPARAGINE	HISTIDINE	False	21	82	True	True
mutante	local_data/hdf5/proc_483p.hdf5	residue-srv:A:720:Asparagine->Serine:pos_720_N_S	720	ASPARAGINE	SERINE	False	25	100	True	True
mutante	local_data/hdf5/proc_483p.hdf5	residue-srv:A:722:Isoleucine->Methionine:pos_722_I_M	722	ISOLEUCINE	METHIONINE	False	44	206	True	True
mutante	local_data/hdf5/proc_483p.hdf5	residue-srv:A:724:Lysine->Asparagine:pos_724_K_N	724	LYSINE	ASPARAGINE	False	26	107	True	True
mutante	local_data/hdf5/proc_483p.hdf5	residue-srv:A:724:Lysine->Threonine:pos_724_K_T	724	LYSINE	THREONINE	False	23	89	True	True
mutante	local_data/hdf5/proc_483p.hdf5	residue-srv:A:726:Threonine->Serine:pos_726_T_S	726	THREONINE	SERINE	False	44	212	True	True
mutante	local_data/hdf5/proc_483p.hdf5	residue-srv:A:729:Aspartate->Alanine:pos_729_D_A	729	ASPARTATE	ALANINE	False	34	142	True	True
mutante	local_data/hdf5/proc_483p.hdf5	residue-srv:A:732:Serine->Proline:pos_732_S_P	732	SERINE	PROLINE	False	28	107	True	True
mutante	local_data/hdf5/proc_483p.hdf5	residue-srv:A:734:Isoleucine->Valine:pos_734_I_V	734	ISOLEUCINE	VALINE	False	49	236	True	True
mutante	local_data/hdf5/proc_483p.hdf5	residue-srv:A:738:Valine->Alanine:pos_738_V_A	738	VALINE	ALANINE	False	14	40	True	True
mutante	local_data/hdf5/proc_483p.hdf5	residue-srv:A:739:Proline->Glutamine:pos_739_P_Q	739	PROLINE	GLUTAMINE	False	26	90	True	True
mutante	local_data/hdf5/proc_483p.hdf5	residue-srv:A:739:Proline->Leucine:pos_739_P_L	739	PROLINE	LEUCINE	False	26	94	True	True
mutante	local_data/hdf5/proc_483p.hdf5	residue-srv:A:73:Glycine->Valine:pos_73_G_V	73	GLYCINE	VALINE	False	14	41	True	True
mutante	local_data/hdf5/proc_483p.hdf5	residue-srv:A:742:Aspartate->Asparagine:pos_742_D_N	742	ASPARTATE	ASPARAGINE	False	34	112	True	True
mutante	local_data/hdf5/proc_483p.hdf5	residue-srv:A:743:Leucine->Arginine:pos_743_L_R	743	LEUCINE	ARGININE	False	46	191	True	True
mutante	local_data/hdf5/proc_483p.hdf5	residue-srv:A:743:Leucine->Phenylalanine:pos_743_L_F	743	LEUCINE	PHENYLALANINE	False	40	147	True	True
mutante	local_data/hdf5/proc_483p.hdf5	residue-srv:A:745:Isoleucine->Asparagine:pos_745_I_N	745	ISOLEUCINE	ASPARAGINE	False	38	164	True	True
mutante	local_data/hdf5/proc_483p.hdf5	residue-srv:A:745:Isoleucine->Valine:pos_745_I_V	745	ISOLEUCINE	VALINE	False	37	145	True	True
mutante	local_data/hdf5/proc_483p.hdf5	residue-srv:A:749:Alanine->Aspartate:pos_749_A_D	749	ALANINE	ASPARTATE	False	41	190	True	True
mutante	local_data/hdf5/proc_483p.hdf5	residue-srv:A:74:Asparagine->Lysine:pos_74_N_K	74	ASPARAGINE	LYSINE	False	27	97	True	True
mutante	local_data/hdf5/proc_483p.hdf5	residue-srv:A:750:Serine->Alanine:pos_750_S_A	750	SERINE	ALANINE	False	39	184	True	True
mutante	local_data/hdf5/proc_483p.hdf5	residue-srv:A:752:Cysteine->Arginine:pos_752_C_R	752	CYSTEINE	ARGININE	False	55	292	True	True
mutante	local_data/hdf5/proc_483p.hdf5	residue-srv:A:754:Threonine->Alanine:pos_754_T_A	754	THREONINE	ALANINE	False	44	215	True	True
mutante	local_data/hdf5/proc_483p.hdf5	residue-srv:A:754:Threonine->Arginine:pos_754_T_R	754	THREONINE	ARGININE	False	53	267	True	True
mutante	local_data/hdf5/proc_483p.hdf5	residue-srv:A:758:Isoleucine->Valine:pos_758_I_V	758	ISOLEUCINE	VALINE	False	46	232	True	True
mutante	local_data/hdf5/proc_483p.hdf5	residue-srv:A:759:Isoleucine->Methionine:pos_759_I_M	759	ISOLEUCINE	METHIONINE	False	42	194	True	True
mutante	local_data/hdf5/proc_483p.hdf5	residue-srv:A:75:Glycine->Arginine:pos_75_G_R	75	GLYCINE	ARGININE	False	26	88	True	True
mutante	local_data/hdf5/proc_483p.hdf5	residue-srv:A:75:Glycine->Glutamate:pos_75_G_E	75	GLYCINE	GLUTAMATE	False	23	70	True	True
mutante	local_data/hdf5/proc_483p.hdf5	residue-srv:A:761:Asparagine->Serine:pos_761_N_S	761	ASPARAGINE	SERINE	False	22	77	True	True
mutante	local_data/hdf5/proc_483p.hdf5	residue-srv:A:764:Glutamine->Arginine:pos_764_Q_R	764	GLUTAMINE	ARGININE	False	27	108	True	True
mutante	local_data/hdf5/proc_483p.hdf5	residue-srv:A:766:Alanine->Valine:pos_766_A_V	766	ALANINE	VALINE	False	39	182	True	True
mutante	local_data/hdf5/proc_483p.hdf5	residue-srv:A:767:Arginine->Cysteine:pos_767_R_C	767	ARGININE	CYSTEINE	False	27	115	True	True
mutante	local_data/hdf5/proc_483p.hdf5	residue-srv:A:767:Arginine->Histidine:pos_767_R_H	767	ARGININE	HISTIDINE	False	30	129	True	True
mutante	local_data/hdf5/proc_483p.hdf5	residue-srv:A:767:Arginine->Proline:pos_767_R_P	767	ARGININE	PROLINE	False	24	93	True	True
mutante	local_data/hdf5/proc_483p.hdf5	residue-srv:A:767:Arginine->Serine:pos_767_R_S	767	ARGININE	SERINE	False	25	104	True	True
mutante	local_data/hdf5/proc_483p.hdf5	residue-srv:A:773:Glycine->Glutamate:pos_773_G_E	773	GLYCINE	GLUTAMATE	False	23	93	True	True
mutante	local_data/hdf5/proc_483p.hdf5	residue-srv:A:774:Glycine->Aspartate:pos_774_G_D	774	GLYCINE	ASPARTATE	False	42	207	True	True
mutante	local_data/hdf5/proc_483p.hdf5	residue-srv:A:774:Glycine->Serine:pos_774_G_S	774	GLYCINE	SERINE	False	37	164	True	True
mutante	local_data/hdf5/proc_483p.hdf5	residue-srv:A:774:Glycine->Valine:pos_774_G_V	774	GLYCINE	VALINE	False	38	175	True	True
mutante	local_data/hdf5/proc_483p.hdf5	residue-srv:A:778:Isoleucine->Phenylalanine:pos_778_I_F	778	ISOLEUCINE	PHENYLALANINE	False	57	303	True	True
mutante	local_data/hdf5/proc_483p.hdf5	residue-srv:A:778:Isoleucine->Valine:pos_778_I_V	778	ISOLEUCINE	VALINE	False	44	214	True	True
mutante	local_data/hdf5/proc_483p.hdf5	residue-srv:A:77:Leucine->Proline:pos_77_L_P	77	LEUCINE	PROLINE	False	18	46	True	True
mutante	local_data/hdf5/proc_483p.hdf5	residue-srv:A:780:Alanine->Threonine:pos_780_A_T	780	ALANINE	THREONINE	False	28	115	True	True
mutante	local_data/hdf5/proc_483p.hdf5	residue-srv:A:784:Glycine->Serine:pos_784_G_S	784	GLYCINE	SERINE	False	28	116	True	True
mutante	local_data/hdf5/proc_483p.hdf5	residue-srv:A:785:Aspartate->Asparagine:pos_785_D_N	785	ASPARTATE	ASPARAGINE	False	26	102	True	True
mutante	local_data/hdf5/proc_483p.hdf5	residue-srv:A:786:Alanine->Aspartate:pos_786_A_D	786	ALANINE	ASPARTATE	False	24	73	True	True
mutante	local_data/hdf5/proc_483p.hdf5	residue-srv:A:786:Alanine->Proline:pos_786_A_P	786	ALANINE	PROLINE	False	26	88	True	True
mutante	local_data/hdf5/proc_483p.hdf5	residue-srv:A:787:Tyrosine->Cysteine:pos_787_Y_C	787	TYROSINE	CYSTEINE	False	36	143	True	True
mutante	local_data/hdf5/proc_483p.hdf5	residue-srv:A:788:Alanine->Serine:pos_788_A_S	788	ALANINE	SERINE	False	31	113	True	True
mutante	local_data/hdf5/proc_483p.hdf5	residue-srv:A:788:Alanine->Valine:pos_788_A_V	788	ALANINE	VALINE	False	31	114	True	True
mutante	local_data/hdf5/proc_483p.hdf5	residue-srv:A:78:Histidine->Asparagine:pos_78_H_N	78	HISTIDINE	ASPARAGINE	False	18	50	True	True
mutante	local_data/hdf5/proc_483p.hdf5	residue-srv:A:790:Asparagine->Lysine:pos_790_N_K	790	ASPARAGINE	LYSINE	False	35	136	True	True
mutante	local_data/hdf5/proc_483p.hdf5	residue-srv:A:790:Asparagine->Serine:pos_790_N_S	790	ASPARAGINE	SERINE	False	31	119	True	True
mutante	local_data/hdf5/proc_483p.hdf5	residue-srv:A:791:Lysine->Arginine:pos_791_K_R	791	LYSINE	ARGININE	False	44	177	True	True
mutante	local_data/hdf5/proc_483p.hdf5	residue-srv:A:792:Alanine->Glutamate:pos_792_A_E	792	ALANINE	GLUTAMATE	False	43	214	True	True
mutante	local_data/hdf5/proc_483p.hdf5	residue-srv:A:794:Lysine->Glutamate:pos_794_K_E	794	LYSINE	GLUTAMATE	False	43	187	True	True
mutante	local_data/hdf5/proc_483p.hdf5	residue-srv:A:796:Alanine->Valine:pos_796_A_V	796	ALANINE	VALINE	False	45	214	True	True
mutante	local_data/hdf5/proc_483p.hdf5	residue-srv:A:797:Serine->Phenylalanine:pos_797_S_F	797	SERINE	PHENYLALANINE	False	37	162	True	True
mutante	local_data/hdf5/proc_483p.hdf5	residue-srv:A:798:Valine->Isoleucine:pos_798_V_I	798	VALINE	ISOLEUCINE	False	34	149	True	True
mutante	local_data/hdf5/proc_483p.hdf5	residue-srv:A:79:Arginine->Glutamine:pos_79_R_Q	79	ARGININE	GLUTAMINE	False	18	51	True	True
mutante	local_data/hdf5/proc_483p.hdf5	residue-srv:A:7:Proline->Glutamine:pos_7_P_Q	7	PROLINE	GLUTAMINE	False	31	116	True	True
mutante	local_data/hdf5/proc_483p.hdf5	residue-srv:A:7:Proline->Serine:pos_7_P_S	7	PROLINE	SERINE	False	20	60	True	True
mutante	local_data/hdf5/proc_483p.hdf5	residue-srv:A:800:Leucine->Proline:pos_800_L_P	800	LEUCINE	PROLINE	False	42	198	True	True
mutante	local_data/hdf5/proc_483p.hdf5	residue-srv:A:801:Tyrosine->Cysteine:pos_801_Y_C	801	TYROSINE	CYSTEINE	False	30	127	True	True
mutante	local_data/hdf5/proc_483p.hdf5	residue-srv:A:801:Tyrosine->Phenylalanine:pos_801_Y_F	801	TYROSINE	PHENYLALANINE	False	33	144	True	True
mutante	local_data/hdf5/proc_483p.hdf5	residue-srv:A:802:Serine->Alanine:pos_802_S_A	802	SERINE	ALANINE	False	36	166	True	True
mutante	local_data/hdf5/proc_483p.hdf5	residue-srv:A:802:Serine->Tyrosine:pos_802_S_Y	802	SERINE	TYROSINE	False	37	164	True	True
mutante	local_data/hdf5/proc_483p.hdf5	residue-srv:A:804:Tryptophan->Serine:pos_804_W_S	804	TRYPTOPHAN	SERINE	False	33	135	True	True
mutante	local_data/hdf5/proc_483p.hdf5	residue-srv:A:807:Threonine->Methionine:pos_807_T_M	807	THREONINE	METHIONINE	False	16	58	True	True
mutante	local_data/hdf5/proc_483p.hdf5	residue-srv:A:808:Glutamate->Lysine:pos_808_E_K	808	GLUTAMATE	LYSINE	False	18	67	True	True
mutante	local_data/hdf5/proc_483p.hdf5	residue-srv:A:810:Histidine->Leucine:pos_810_H_L	810	HISTIDINE	LEUCINE	False	25	105	True	True
mutante	local_data/hdf5/proc_483p.hdf5	residue-srv:A:810:Histidine->Tyrosine:pos_810_H_Y	810	HISTIDINE	TYROSINE	False	25	107	True	True
mutante	local_data/hdf5/proc_483p.hdf5	residue-srv:A:813:Tyrosine->Phenylalanine:pos_813_Y_F	813	TYROSINE	PHENYLALANINE	False	34	155	True	True
mutante	local_data/hdf5/proc_483p.hdf5	residue-srv:A:816:Alanine->Serine:pos_816_A_S	816	ALANINE	SERINE	False	17	59	True	True
mutante	local_data/hdf5/proc_483p.hdf5	residue-srv:A:816:Alanine->Threonine:pos_816_A_T	816	ALANINE	THREONINE	False	18	62	True	True
mutante	local_data/hdf5/proc_483p.hdf5	residue-srv:A:817:Glutamine->Leucine:pos_817_Q_L	817	GLUTAMINE	LEUCINE	False	16	60	True	True
mutante	local_data/hdf5/proc_483p.hdf5	residue-srv:A:818:Phenylalanine->Leucine:pos_818_F_L	818	PHENYLALANINE	LEUCINE	False	20	75	True	True
mutante	local_data/hdf5/proc_483p.hdf5	residue-srv:A:819:Lysine->Glutamate:pos_819_K_E	819	LYSINE	GLUTAMATE	False	17	63	True	True
mutante	local_data/hdf5/proc_483p.hdf5	residue-srv:A:819:Lysine->Glutamine:pos_819_K_Q	819	LYSINE	GLUTAMINE	False	19	71	True	True
mutante	local_data/hdf5/proc_483p.hdf5	residue-srv:A:821:Threonine->Isoleucine:pos_821_T_I	821	THREONINE	ISOLEUCINE	False	12	34	True	True
mutante	local_data/hdf5/proc_483p.hdf5	residue-srv:A:824:Valine->Aspartate:pos_824_V_D	824	VALINE	ASPARTATE	False	23	81	True	True
mutante	local_data/hdf5/proc_483p.hdf5	residue-srv:A:825:Asparagine->Threonine:pos_825_N_T	825	ASPARAGINE	THREONINE	False	29	109	True	True
mutante	local_data/hdf5/proc_483p.hdf5	residue-srv:A:827:Arginine->Glutamine:pos_827_R_Q	827	ARGININE	GLUTAMINE	False	31	93	True	True
mutante	local_data/hdf5/proc_483p.hdf5	residue-srv:A:827:Arginine->Tryptophan:pos_827_R_W	827	ARGININE	TRYPTOPHAN	False	27	93	True	True
mutante	local_data/hdf5/proc_483p.hdf5	residue-srv:A:828:Threonine->Isoleucine:pos_828_T_I	828	THREONINE	ISOLEUCINE	False	37	147	True	True
mutante	local_data/hdf5/proc_483p.hdf5	residue-srv:A:829:Alanine->Serine:pos_829_A_S	829	ALANINE	SERINE	False	29	124	True	True
mutante	local_data/hdf5/proc_483p.hdf5	residue-srv:A:830:Lysine->Arginine:pos_830_K_R	830	LYSINE	ARGININE	False	22	72	True	True
mutante	local_data/hdf5/proc_483p.hdf5	residue-srv:A:833:Histidine->Glutamine:pos_833_H_Q	833	HISTIDINE	GLUTAMINE	False	26	105	True	True
mutante	local_data/hdf5/proc_483p.hdf5	residue-srv:A:835:Leucine->Arginine:pos_835_L_R	835	LEUCINE	ARGININE	False	27	94	True	True
mutante	local_data/hdf5/proc_483p.hdf5	residue-srv:A:835:Leucine->Proline:pos_835_L_P	835	LEUCINE	PROLINE	False	28	108	True	True
mutante	local_data/hdf5/proc_483p.hdf5	residue-srv:A:83:Valine->Isoleucine:pos_83_V_I	83	VALINE	ISOLEUCINE	False	29	100	True	True
mutante	local_data/hdf5/proc_483p.hdf5	residue-srv:A:86:Tyrosine->Cysteine:pos_86_Y_C	86	TYROSINE	CYSTEINE	False	37	124	True	True
mutante	local_data/hdf5/proc_483p.hdf5	residue-srv:A:87:Valine->Leucine:pos_87_V_L	87	VALINE	LEUCINE	False	39	147	True	True
mutante	local_data/hdf5/proc_483p.hdf5	residue-srv:A:98:Valine->Isoleucine:pos_98_V_I	98	VALINE	ISOLEUCINE	False	34	129	True	True
mutante	local_data/hdf5/proc_483p.hdf5	residue-srv:A:99:Glycine->Glutamate:pos_99_G_E	99	GLYCINE	GLUTAMATE	False	37	149	True	True
wt_companion	local_data/hdf5/wt_companion.hdf5	residue-srv:A:100:Glycine->Glycine:PKP2_WT	100	GLYCINE	GLYCINE	False	27	95	False	True
wt_companion	local_data/hdf5/wt_companion.hdf5	residue-srv:A:101:Arginine->Arginine:PKP2_WT	101	ARGININE	ARGININE	False	45	175	False	True
wt_companion	local_data/hdf5/wt_companion.hdf5	residue-srv:A:102:Serine->Serine:PKP2_WT	102	SERINE	SERINE	False	28	93	False	True
wt_companion	local_data/hdf5/wt_companion.hdf5	residue-srv:A:103:Proline->Proline:PKP2_WT	103	PROLINE	PROLINE	False	31	109	False	True
wt_companion	local_data/hdf5/wt_companion.hdf5	residue-srv:A:105:Proline->Proline:PKP2_WT	105	PROLINE	PROLINE	False	24	71	False	True
wt_companion	local_data/hdf5/wt_companion.hdf5	residue-srv:A:107:Threonine->Threonine:PKP2_WT	107	THREONINE	THREONINE	False	20	57	False	True
wt_companion	local_data/hdf5/wt_companion.hdf5	residue-srv:A:108:Tyrosine->Tyrosine:PKP2_WT	108	TYROSINE	TYROSINE	False	32	113	False	True
wt_companion	local_data/hdf5/wt_companion.hdf5	residue-srv:A:109:Aspartate->Aspartate:PKP2_WT	109	ASPARTATE	ASPARTATE	False	16	50	False	True
wt_companion	local_data/hdf5/wt_companion.hdf5	residue-srv:A:10:Tyrosine->Tyrosine:PKP2_WT	10	TYROSINE	TYROSINE	False	30	95	False	True
wt_companion	local_data/hdf5/wt_companion.hdf5	residue-srv:A:110:Methionine->Methionine:PKP2_WT	110	METHIONINE	METHIONINE	False	25	90	False	True
wt_companion	local_data/hdf5/wt_companion.hdf5	residue-srv:A:113:Alanine->Alanine:PKP2_WT	113	ALANINE	ALANINE	False	16	57	False	True
wt_companion	local_data/hdf5/wt_companion.hdf5	residue-srv:A:114:Glycine->Glycine:PKP2_WT	114	GLYCINE	GLYCINE	False	19	74	False	True
wt_companion	local_data/hdf5/wt_companion.hdf5	residue-srv:A:115:Threonine->Threonine:PKP2_WT	115	THREONINE	THREONINE	False	24	93	False	True
wt_companion	local_data/hdf5/wt_companion.hdf5	residue-srv:A:11:Glycine->Glycine:PKP2_WT	11	GLYCINE	GLYCINE	False	29	98	False	True
wt_companion	local_data/hdf5/wt_companion.hdf5	residue-srv:A:122:Arginine->Arginine:PKP2_WT	122	ARGININE	ARGININE	False	31	124	False	True
wt_companion	local_data/hdf5/wt_companion.hdf5	residue-srv:A:123:Tryptophan->Tryptophan:PKP2_WT	123	TRYPTOPHAN	TRYPTOPHAN	False	35	135	False	True
wt_companion	local_data/hdf5/wt_companion.hdf5	residue-srv:A:125:Arginine->Arginine:PKP2_WT	125	ARGININE	ARGININE	False	36	134	False	True
wt_companion	local_data/hdf5/wt_companion.hdf5	residue-srv:A:128:Alanine->Alanine:PKP2_WT	128	ALANINE	ALANINE	False	19	61	False	True
wt_companion	local_data/hdf5/wt_companion.hdf5	residue-srv:A:129:Glutamine->Glutamine:PKP2_WT	129	GLUTAMINE	GLUTAMINE	False	23	75	False	True
wt_companion	local_data/hdf5/wt_companion.hdf5	residue-srv:A:12:Tyrosine->Tyrosine:PKP2_WT	12	TYROSINE	TYROSINE	False	37	132	False	True
wt_companion	local_data/hdf5/wt_companion.hdf5	residue-srv:A:131:Serine->Serine:PKP2_WT	131	SERINE	SERINE	False	14	47	False	True
wt_companion	local_data/hdf5/wt_companion.hdf5	residue-srv:A:132:Serine->Serine:PKP2_WT	132	SERINE	SERINE	False	14	50	False	True
wt_companion	local_data/hdf5/wt_companion.hdf5	residue-srv:A:135:Serine->Serine:PKP2_WT	135	SERINE	SERINE	False	18	51	False	True
wt_companion	local_data/hdf5/wt_companion.hdf5	residue-srv:A:136:Valine->Valine:PKP2_WT	136	VALINE	VALINE	False	19	61	False	True
wt_companion	local_data/hdf5/wt_companion.hdf5	residue-srv:A:137:Glutamate->Glutamate:PKP2_WT	137	GLUTAMATE	GLUTAMATE	False	24	81	False	True
wt_companion	local_data/hdf5/wt_companion.hdf5	residue-srv:A:13:Isoleucine->Isoleucine:PKP2_WT	13	ISOLEUCINE	ISOLEUCINE	False	37	129	False	True
wt_companion	local_data/hdf5/wt_companion.hdf5	residue-srv:A:140:Serine->Serine:PKP2_WT	140	SERINE	SERINE	False	18	59	False	True
wt_companion	local_data/hdf5/wt_companion.hdf5	residue-srv:A:149:Glutamate->Glutamate:PKP2_WT	149	GLUTAMATE	GLUTAMATE	False	39	138	False	True
wt_companion	local_data/hdf5/wt_companion.hdf5	residue-srv:A:154:Serine->Serine:PKP2_WT	154	SERINE	SERINE	False	28	78	False	True
wt_companion	local_data/hdf5/wt_companion.hdf5	residue-srv:A:155:Serine->Serine:PKP2_WT	155	SERINE	SERINE	False	28	101	False	True
wt_companion	local_data/hdf5/wt_companion.hdf5	residue-srv:A:162:Threonine->Threonine:PKP2_WT	162	THREONINE	THREONINE	False	33	104	False	True
wt_companion	local_data/hdf5/wt_companion.hdf5	residue-srv:A:163:Histidine->Histidine:PKP2_WT	163	HISTIDINE	HISTIDINE	False	30	90	False	True
wt_companion	local_data/hdf5/wt_companion.hdf5	residue-srv:A:165:Aspartate->Aspartate:PKP2_WT	165	ASPARTATE	ASPARTATE	False	32	112	False	True
wt_companion	local_data/hdf5/wt_companion.hdf5	residue-srv:A:168:Tyrosine->Tyrosine:PKP2_WT	168	TYROSINE	TYROSINE	False	38	140	False	True
wt_companion	local_data/hdf5/wt_companion.hdf5	residue-srv:A:176:Histidine->Histidine:PKP2_WT	176	HISTIDINE	HISTIDINE	False	44	189	False	True
wt_companion	local_data/hdf5/wt_companion.hdf5	residue-srv:A:188:Leucine->Leucine:PKP2_WT	188	LEUCINE	LEUCINE	False	30	117	False	True
wt_companion	local_data/hdf5/wt_companion.hdf5	residue-srv:A:190:Valine->Valine:PKP2_WT	190	VALINE	VALINE	False	41	175	False	True
wt_companion	local_data/hdf5/wt_companion.hdf5	residue-srv:A:198:Glutamate->Glutamate:PKP2_WT	198	GLUTAMATE	GLUTAMATE	False	34	124	False	True
wt_companion	local_data/hdf5/wt_companion.hdf5	residue-srv:A:1:Methionine->Methionine:PKP2_WT	1	METHIONINE	METHIONINE	False	24	88	False	True
wt_companion	local_data/hdf5/wt_companion.hdf5	residue-srv:A:200:Valine->Valine:PKP2_WT	200	VALINE	VALINE	False	38	148	False	True
wt_companion	local_data/hdf5/wt_companion.hdf5	residue-srv:A:201:Glycine->Glycine:PKP2_WT	201	GLYCINE	GLYCINE	False	33	127	False	True
wt_companion	local_data/hdf5/wt_companion.hdf5	residue-srv:A:207:Threonine->Threonine:PKP2_WT	207	THREONINE	THREONINE	False	13	32	False	True
wt_companion	local_data/hdf5/wt_companion.hdf5	residue-srv:A:219:Arginine->Arginine:PKP2_WT	219	ARGININE	ARGININE	False	20	68	False	True
wt_companion	local_data/hdf5/wt_companion.hdf5	residue-srv:A:224:Glycine->Glycine:PKP2_WT	224	GLYCINE	GLYCINE	False	19	61	False	True
wt_companion	local_data/hdf5/wt_companion.hdf5	residue-srv:A:247:Glycine->Glycine:PKP2_WT	247	GLYCINE	GLYCINE	False	22	71	False	True
wt_companion	local_data/hdf5/wt_companion.hdf5	residue-srv:A:250:Arginine->Arginine:PKP2_WT	250	ARGININE	ARGININE	False	13	47	False	True
wt_companion	local_data/hdf5/wt_companion.hdf5	residue-srv:A:262:Leucine->Leucine:PKP2_WT	262	LEUCINE	LEUCINE	False	30	114	False	True
wt_companion	local_data/hdf5/wt_companion.hdf5	residue-srv:A:271:Valine->Valine:PKP2_WT	271	VALINE	VALINE	False	33	111	False	True
wt_companion	local_data/hdf5/wt_companion.hdf5	residue-srv:A:284:Arginine->Arginine:PKP2_WT	284	ARGININE	ARGININE	False	14	44	False	True
wt_companion	local_data/hdf5/wt_companion.hdf5	residue-srv:A:287:Arginine->Arginine:PKP2_WT	287	ARGININE	ARGININE	False	31	103	False	True
wt_companion	local_data/hdf5/wt_companion.hdf5	residue-srv:A:296:Histidine->Histidine:PKP2_WT	296	HISTIDINE	HISTIDINE	False	25	83	False	True
wt_companion	local_data/hdf5/wt_companion.hdf5	residue-srv:A:300:Threonine->Threonine:PKP2_WT	300	THREONINE	THREONINE	False	20	67	False	True
wt_companion	local_data/hdf5/wt_companion.hdf5	residue-srv:A:305:Glycine->Glycine:PKP2_WT	305	GLYCINE	GLYCINE	False	18	53	False	True
wt_companion	local_data/hdf5/wt_companion.hdf5	residue-srv:A:309:Alanine->Alanine:PKP2_WT	309	ALANINE	ALANINE	False	29	104	False	True
wt_companion	local_data/hdf5/wt_companion.hdf5	residue-srv:A:30:Leucine->Leucine:PKP2_WT	30	LEUCINE	LEUCINE	False	35	137	False	True
wt_companion	local_data/hdf5/wt_companion.hdf5	residue-srv:A:310:Valine->Valine:PKP2_WT	310	VALINE	VALINE	False	30	115	False	True
wt_companion	local_data/hdf5/wt_companion.hdf5	residue-srv:A:311:Aspartate->Aspartate:PKP2_WT	311	ASPARTATE	ASPARTATE	False	32	120	False	True
wt_companion	local_data/hdf5/wt_companion.hdf5	residue-srv:A:312:Serine->Serine:PKP2_WT	312	SERINE	SERINE	False	31	115	False	True
wt_companion	local_data/hdf5/wt_companion.hdf5	residue-srv:A:314:Glycine->Glycine:PKP2_WT	314	GLYCINE	GLYCINE	False	25	92	False	True
wt_companion	local_data/hdf5/wt_companion.hdf5	residue-srv:A:316:Arginine->Arginine:PKP2_WT	316	ARGININE	ARGININE	False	24	81	False	True
wt_companion	local_data/hdf5/wt_companion.hdf5	residue-srv:A:318:Histidine->Histidine:PKP2_WT	318	HISTIDINE	HISTIDINE	False	32	115	False	True
wt_companion	local_data/hdf5/wt_companion.hdf5	residue-srv:A:320:Threonine->Threonine:PKP2_WT	320	THREONINE	THREONINE	False	21	66	False	True
wt_companion	local_data/hdf5/wt_companion.hdf5	residue-srv:A:322:Glycine->Glycine:PKP2_WT	322	GLYCINE	GLYCINE	False	17	48	False	True
wt_companion	local_data/hdf5/wt_companion.hdf5	residue-srv:A:323:Glutamine->Glutamine:PKP2_WT	323	GLUTAMINE	GLUTAMINE	False	14	45	False	True
wt_companion	local_data/hdf5/wt_companion.hdf5	residue-srv:A:325:Alanine->Alanine:PKP2_WT	325	ALANINE	ALANINE	False	12	33	False	True
wt_companion	local_data/hdf5/wt_companion.hdf5	residue-srv:A:326:Alanine->Alanine:PKP2_WT	326	ALANINE	ALANINE	False	12	33	False	True
wt_companion	local_data/hdf5/wt_companion.hdf5	residue-srv:A:327:Glycine->Glycine:PKP2_WT	327	GLYCINE	GLYCINE	False	11	25	False	True
wt_companion	local_data/hdf5/wt_companion.hdf5	residue-srv:A:328:Glycine->Glycine:PKP2_WT	328	GLYCINE	GLYCINE	False	11	22	False	True
wt_companion	local_data/hdf5/wt_companion.hdf5	residue-srv:A:329:Serine->Serine:PKP2_WT	329	SERINE	SERINE	False	16	43	False	True
wt_companion	local_data/hdf5/wt_companion.hdf5	residue-srv:A:32:Leucine->Leucine:PKP2_WT	32	LEUCINE	LEUCINE	False	35	140	False	True
wt_companion	local_data/hdf5/wt_companion.hdf5	residue-srv:A:330:Glycine->Glycine:PKP2_WT	330	GLYCINE	GLYCINE	False	16	42	False	True
wt_companion	local_data/hdf5/wt_companion.hdf5	residue-srv:A:337:Serine->Serine:PKP2_WT	337	SERINE	SERINE	False	11	26	False	True
wt_companion	local_data/hdf5/wt_companion.hdf5	residue-srv:A:338:Threonine->Threonine:PKP2_WT	338	THREONINE	THREONINE	False	12	22	False	True
wt_companion	local_data/hdf5/wt_companion.hdf5	residue-srv:A:340:Threonine->Threonine:PKP2_WT	340	THREONINE	THREONINE	False	10	21	False	True
wt_companion	local_data/hdf5/wt_companion.hdf5	residue-srv:A:342:Serine->Serine:PKP2_WT	342	SERINE	SERINE	False	11	24	False	True
wt_companion	local_data/hdf5/wt_companion.hdf5	residue-srv:A:343:Glutamine->Glutamine:PKP2_WT	343	GLUTAMINE	GLUTAMINE	False	10	21	False	True
wt_companion	local_data/hdf5/wt_companion.hdf5	residue-srv:A:345:Glycine->Glycine:PKP2_WT	345	GLYCINE	GLYCINE	False	13	26	False	True
wt_companion	local_data/hdf5/wt_companion.hdf5	residue-srv:A:349:Methionine->Methionine:PKP2_WT	349	METHIONINE	METHIONINE	False	29	120	False	True
wt_companion	local_data/hdf5/wt_companion.hdf5	residue-srv:A:34:Serine->Serine:PKP2_WT	34	SERINE	SERINE	False	33	106	False	True
wt_companion	local_data/hdf5/wt_companion.hdf5	residue-srv:A:350:Glutamate->Glutamate:PKP2_WT	350	GLUTAMATE	GLUTAMATE	False	18	53	False	True
wt_companion	local_data/hdf5/wt_companion.hdf5	residue-srv:A:353:Leucine->Leucine:PKP2_WT	353	LEUCINE	LEUCINE	False	44	216	False	True
wt_companion	local_data/hdf5/wt_companion.hdf5	residue-srv:A:356:Alanine->Alanine:PKP2_WT	356	ALANINE	ALANINE	False	34	158	False	True
wt_companion	local_data/hdf5/wt_companion.hdf5	residue-srv:A:357:Valine->Valine:PKP2_WT	357	VALINE	VALINE	False	39	190	False	True
wt_companion	local_data/hdf5/wt_companion.hdf5	residue-srv:A:358:Serine->Serine:PKP2_WT	358	SERINE	SERINE	False	26	108	False	True
wt_companion	local_data/hdf5/wt_companion.hdf5	residue-srv:A:359:Methionine->Methionine:PKP2_WT	359	METHIONINE	METHIONINE	False	30	133	False	True
wt_companion	local_data/hdf5/wt_companion.hdf5	residue-srv:A:360:Leucine->Leucine:PKP2_WT	360	LEUCINE	LEUCINE	False	45	230	False	True
wt_companion	local_data/hdf5/wt_companion.hdf5	residue-srv:A:361:Glutamate->Glutamate:PKP2_WT	361	GLUTAMATE	GLUTAMATE	False	26	105	False	True
wt_companion	local_data/hdf5/wt_companion.hdf5	residue-srv:A:363:Aspartate->Aspartate:PKP2_WT	363	ASPARTATE	ASPARTATE	False	11	34	False	True
wt_companion	local_data/hdf5/wt_companion.hdf5	residue-srv:A:364:Histidine->Histidine:PKP2_WT	364	HISTIDINE	HISTIDINE	False	21	75	False	True
wt_companion	local_data/hdf5/wt_companion.hdf5	residue-srv:A:365:Methionine->Methionine:PKP2_WT	365	METHIONINE	METHIONINE	False	27	105	False	True
wt_companion	local_data/hdf5/wt_companion.hdf5	residue-srv:A:366:Leucine->Leucine:PKP2_WT	366	LEUCINE	LEUCINE	False	21	80	False	True
wt_companion	local_data/hdf5/wt_companion.hdf5	residue-srv:A:369:Arginine->Arginine:PKP2_WT	369	ARGININE	ARGININE	False	35	145	False	True
wt_companion	local_data/hdf5/wt_companion.hdf5	residue-srv:A:372:Alanine->Alanine:PKP2_WT	372	ALANINE	ALANINE	False	32	148	False	True
wt_companion	local_data/hdf5/wt_companion.hdf5	residue-srv:A:374:Alanine->Alanine:PKP2_WT	374	ALANINE	ALANINE	False	44	233	False	True
wt_companion	local_data/hdf5/wt_companion.hdf5	residue-srv:A:376:Phenylalanine->Phenylalanine:PKP2_WT	376	PHENYLALANINE	PHENYLALANINE	False	40	187	False	True
wt_companion	local_data/hdf5/wt_companion.hdf5	residue-srv:A:377:Isoleucine->Isoleucine:PKP2_WT	377	ISOLEUCINE	ISOLEUCINE	False	51	272	False	True
wt_companion	local_data/hdf5/wt_companion.hdf5	residue-srv:A:378:Glutamine->Glutamine:PKP2_WT	378	GLUTAMINE	GLUTAMINE	False	38	180	False	True
wt_companion	local_data/hdf5/wt_companion.hdf5	residue-srv:A:380:Glutamate->Glutamate:PKP2_WT	380	GLUTAMATE	GLUTAMATE	False	32	135	False	True
wt_companion	local_data/hdf5/wt_companion.hdf5	residue-srv:A:381:Cysteine->Cysteine:PKP2_WT	381	CYSTEINE	CYSTEINE	False	37	176	False	True
wt_companion	local_data/hdf5/wt_companion.hdf5	residue-srv:A:382:Phenylalanine->Phenylalanine:PKP2_WT	382	PHENYLALANINE	PHENYLALANINE	False	31	119	False	True
wt_companion	local_data/hdf5/wt_companion.hdf5	residue-srv:A:385:Serine->Serine:PKP2_WT	385	SERINE	SERINE	False	29	106	False	True
wt_companion	local_data/hdf5/wt_companion.hdf5	residue-srv:A:388:Arginine->Arginine:PKP2_WT	388	ARGININE	ARGININE	False	42	194	False	True
wt_companion	local_data/hdf5/wt_companion.hdf5	residue-srv:A:391:Valine->Valine:PKP2_WT	391	VALINE	VALINE	False	41	200	False	True
wt_companion	local_data/hdf5/wt_companion.hdf5	residue-srv:A:394:Leucine->Leucine:PKP2_WT	394	LEUCINE	LEUCINE	False	34	153	False	True
wt_companion	local_data/hdf5/wt_companion.hdf5	residue-srv:A:395:Arginine->Arginine:PKP2_WT	395	ARGININE	ARGININE	False	28	119	False	True
wt_companion	local_data/hdf5/wt_companion.hdf5	residue-srv:A:397:Isoleucine->Isoleucine:PKP2_WT	397	ISOLEUCINE	ISOLEUCINE	False	46	237	False	True
wt_companion	local_data/hdf5/wt_companion.hdf5	residue-srv:A:3:Alanine->Alanine:PKP2_WT	3	ALANINE	ALANINE	False	29	105	False	True
wt_companion	local_data/hdf5/wt_companion.hdf5	residue-srv:A:401:Leucine->Leucine:PKP2_WT	401	LEUCINE	LEUCINE	False	40	194	False	True
wt_companion	local_data/hdf5/wt_companion.hdf5	residue-srv:A:411:Valine->Valine:PKP2_WT	411	VALINE	VALINE	False	39	190	False	True
wt_companion	local_data/hdf5/wt_companion.hdf5	residue-srv:A:413:Arginine->Arginine:PKP2_WT	413	ARGININE	ARGININE	False	39	188	False	True
wt_companion	local_data/hdf5/wt_companion.hdf5	residue-srv:A:415:Valine->Valine:PKP2_WT	415	VALINE	VALINE	False	46	242	False	True
wt_companion	local_data/hdf5/wt_companion.hdf5	residue-srv:A:417:Glycine->Glycine:PKP2_WT	417	GLYCINE	GLYCINE	False	38	187	False	True
wt_companion	local_data/hdf5/wt_companion.hdf5	residue-srv:A:419:Leucine->Leucine:PKP2_WT	419	LEUCINE	LEUCINE	False	51	271	False	True
wt_companion	local_data/hdf5/wt_companion.hdf5	residue-srv:A:424:Phenylalanine->Phenylalanine:PKP2_WT	424	PHENYLALANINE	PHENYLALANINE	False	46	186	False	True
wt_companion	local_data/hdf5/wt_companion.hdf5	residue-srv:A:426:Aspartate->Aspartate:PKP2_WT	426	ASPARTATE	ASPARTATE	False	30	108	False	True
wt_companion	local_data/hdf5/wt_companion.hdf5	residue-srv:A:427:Asparagine->Asparagine:PKP2_WT	427	ASPARAGINE	ASPARAGINE	False	35	131	False	True
wt_companion	local_data/hdf5/wt_companion.hdf5	residue-srv:A:430:Lysine->Lysine:PKP2_WT	430	LYSINE	LYSINE	False	48	233	False	True
wt_companion	local_data/hdf5/wt_companion.hdf5	residue-srv:A:431:Leucine->Leucine:PKP2_WT	431	LEUCINE	LEUCINE	False	38	170	False	True
wt_companion	local_data/hdf5/wt_companion.hdf5	residue-srv:A:432:Glutamate->Glutamate:PKP2_WT	432	GLUTAMATE	GLUTAMATE	False	34	149	False	True
wt_companion	local_data/hdf5/wt_companion.hdf5	residue-srv:A:433:Valine->Valine:PKP2_WT	433	VALINE	VALINE	False	42	210	False	True
wt_companion	local_data/hdf5/wt_companion.hdf5	residue-srv:A:435:Glutamate->Glutamate:PKP2_WT	435	GLUTAMATE	GLUTAMATE	False	32	136	False	True
wt_companion	local_data/hdf5/wt_companion.hdf5	residue-srv:A:437:Asparagine->Asparagine:PKP2_WT	437	ASPARAGINE	ASPARAGINE	False	31	133	False	True
wt_companion	local_data/hdf5/wt_companion.hdf5	residue-srv:A:438:Glycine->Glycine:PKP2_WT	438	GLYCINE	GLYCINE	False	38	184	False	True
wt_companion	local_data/hdf5/wt_companion.hdf5	residue-srv:A:439:Valine->Valine:PKP2_WT	439	VALINE	VALINE	False	45	229	False	True
wt_companion	local_data/hdf5/wt_companion.hdf5	residue-srv:A:440:Proline->Proline:PKP2_WT	440	PROLINE	PROLINE	False	31	134	False	True
wt_companion	local_data/hdf5/wt_companion.hdf5	residue-srv:A:441:Arginine->Arginine:PKP2_WT	441	ARGININE	ARGININE	False	40	192	False	True
wt_companion	local_data/hdf5/wt_companion.hdf5	residue-srv:A:443:Leucine->Leucine:PKP2_WT	443	LEUCINE	LEUCINE	False	37	170	False	True
wt_companion	local_data/hdf5/wt_companion.hdf5	residue-srv:A:444:Glutamine->Glutamine:PKP2_WT	444	GLUTAMINE	GLUTAMINE	False	23	88	False	True
wt_companion	local_data/hdf5/wt_companion.hdf5	residue-srv:A:456:Lysine->Lysine:PKP2_WT	456	LYSINE	LYSINE	False	40	175	False	True
wt_companion	local_data/hdf5/wt_companion.hdf5	residue-srv:A:458:Isoleucine->Isoleucine:PKP2_WT	458	ISOLEUCINE	ISOLEUCINE	False	51	264	False	True
wt_companion	local_data/hdf5/wt_companion.hdf5	residue-srv:A:459:Threonine->Threonine:PKP2_WT	459	THREONINE	THREONINE	False	47	235	False	True
wt_companion	local_data/hdf5/wt_companion.hdf5	residue-srv:A:460:Glycine->Glycine:PKP2_WT	460	GLYCINE	GLYCINE	False	38	177	False	True
wt_companion	local_data/hdf5/wt_companion.hdf5	residue-srv:A:465:Leucine->Leucine:PKP2_WT	465	LEUCINE	LEUCINE	False	51	255	False	True
wt_companion	local_data/hdf5/wt_companion.hdf5	residue-srv:A:467:Serine->Serine:PKP2_WT	467	SERINE	SERINE	False	35	143	False	True
wt_companion	local_data/hdf5/wt_companion.hdf5	residue-srv:A:468:Asparagine->Asparagine:PKP2_WT	468	ASPARAGINE	ASPARAGINE	False	40	177	False	True
wt_companion	local_data/hdf5/wt_companion.hdf5	residue-srv:A:469:Aspartate->Aspartate:PKP2_WT	469	ASPARTATE	ASPARTATE	False	34	116	False	True
wt_companion	local_data/hdf5/wt_companion.hdf5	residue-srv:A:471:Leucine->Leucine:PKP2_WT	471	LEUCINE	LEUCINE	False	43	209	False	True
wt_companion	local_data/hdf5/wt_companion.hdf5	residue-srv:A:472:Lysine->Lysine:PKP2_WT	472	LYSINE	LYSINE	False	47	210	False	True
wt_companion	local_data/hdf5/wt_companion.hdf5	residue-srv:A:473:Asparagine->Asparagine:PKP2_WT	473	ASPARAGINE	ASPARAGINE	False	42	173	False	True
wt_companion	local_data/hdf5/wt_companion.hdf5	residue-srv:A:474:Leucine->Leucine:PKP2_WT	474	LEUCINE	LEUCINE	False	40	191	False	True
wt_companion	local_data/hdf5/wt_companion.hdf5	residue-srv:A:475:Methionine->Methionine:PKP2_WT	475	METHIONINE	METHIONINE	False	52	261	False	True
wt_companion	local_data/hdf5/wt_companion.hdf5	residue-srv:A:476:Isoleucine->Isoleucine:PKP2_WT	476	ISOLEUCINE	ISOLEUCINE	False	39	181	False	True
wt_companion	local_data/hdf5/wt_companion.hdf5	residue-srv:A:477:Threonine->Threonine:PKP2_WT	477	THREONINE	THREONINE	False	25	90	False	True
wt_companion	local_data/hdf5/wt_companion.hdf5	residue-srv:A:478:Glutamate->Glutamate:PKP2_WT	478	GLUTAMATE	GLUTAMATE	False	35	152	False	True
wt_companion	local_data/hdf5/wt_companion.hdf5	residue-srv:A:479:Alanine->Alanine:PKP2_WT	479	ALANINE	ALANINE	False	37	174	False	True
wt_companion	local_data/hdf5/wt_companion.hdf5	residue-srv:A:481:Leucine->Leucine:PKP2_WT	481	LEUCINE	LEUCINE	False	31	137	False	True
wt_companion	local_data/hdf5/wt_companion.hdf5	residue-srv:A:482:Threonine->Threonine:PKP2_WT	482	THREONINE	THREONINE	False	32	146	False	True
wt_companion	local_data/hdf5/wt_companion.hdf5	residue-srv:A:483:Leucine->Leucine:PKP2_WT	483	LEUCINE	LEUCINE	False	42	200	False	True
wt_companion	local_data/hdf5/wt_companion.hdf5	residue-srv:A:484:Threonine->Threonine:PKP2_WT	484	THREONINE	THREONINE	False	38	184	False	True
wt_companion	local_data/hdf5/wt_companion.hdf5	residue-srv:A:486:Asparagine->Asparagine:PKP2_WT	486	ASPARAGINE	ASPARAGINE	False	31	124	False	True
wt_companion	local_data/hdf5/wt_companion.hdf5	residue-srv:A:487:Isoleucine->Isoleucine:PKP2_WT	487	ISOLEUCINE	ISOLEUCINE	False	48	230	False	True
wt_companion	local_data/hdf5/wt_companion.hdf5	residue-srv:A:489:Isoleucine->Isoleucine:PKP2_WT	489	ISOLEUCINE	ISOLEUCINE	False	34	160	False	True
wt_companion	local_data/hdf5/wt_companion.hdf5	residue-srv:A:493:Glycine->Glycine:PKP2_WT	493	GLYCINE	GLYCINE	False	22	89	False	True
wt_companion	local_data/hdf5/wt_companion.hdf5	residue-srv:A:495:Proline->Proline:PKP2_WT	495	PROLINE	PROLINE	False	18	61	False	True
wt_companion	local_data/hdf5/wt_companion.hdf5	residue-srv:A:498:Aspartate->Aspartate:PKP2_WT	498	ASPARTATE	ASPARTATE	False	34	133	False	True
wt_companion	local_data/hdf5/wt_companion.hdf5	residue-srv:A:4:Proline->Proline:PKP2_WT	4	PROLINE	PROLINE	False	27	96	False	True
wt_companion	local_data/hdf5/wt_companion.hdf5	residue-srv:A:502:Alanine->Alanine:PKP2_WT	502	ALANINE	ALANINE	False	13	36	False	True
wt_companion	local_data/hdf5/wt_companion.hdf5	residue-srv:A:504:Glycine->Glycine:PKP2_WT	504	GLYCINE	GLYCINE	False	17	50	False	True
wt_companion	local_data/hdf5/wt_companion.hdf5	residue-srv:A:505:Leucine->Leucine:PKP2_WT	505	LEUCINE	LEUCINE	False	31	110	False	True
wt_companion	local_data/hdf5/wt_companion.hdf5	residue-srv:A:506:Leucine->Leucine:PKP2_WT	506	LEUCINE	LEUCINE	False	28	108	False	True
wt_companion	local_data/hdf5/wt_companion.hdf5	residue-srv:A:507:Aspartate->Aspartate:PKP2_WT	507	ASPARTATE	ASPARTATE	False	36	152	False	True
wt_companion	local_data/hdf5/wt_companion.hdf5	residue-srv:A:508:Phenylalanine->Phenylalanine:PKP2_WT	508	PHENYLALANINE	PHENYLALANINE	False	38	159	False	True
wt_companion	local_data/hdf5/wt_companion.hdf5	residue-srv:A:50:Threonine->Threonine:PKP2_WT	50	THREONINE	THREONINE	False	31	122	False	True
wt_companion	local_data/hdf5/wt_companion.hdf5	residue-srv:A:510:Isoleucine->Isoleucine:PKP2_WT	510	ISOLEUCINE	ISOLEUCINE	False	41	192	False	True
wt_companion	local_data/hdf5/wt_companion.hdf5	residue-srv:A:513:Asparagine->Asparagine:PKP2_WT	513	ASPARAGINE	ASPARAGINE	False	42	210	False	True
wt_companion	local_data/hdf5/wt_companion.hdf5	residue-srv:A:514:Valine->Valine:PKP2_WT	514	VALINE	VALINE	False	49	252	False	True
wt_companion	local_data/hdf5/wt_companion.hdf5	residue-srv:A:516:Glycine->Glycine:PKP2_WT	516	GLYCINE	GLYCINE	False	41	199	False	True
wt_companion	local_data/hdf5/wt_companion.hdf5	residue-srv:A:521:Methionine->Methionine:PKP2_WT	521	METHIONINE	METHIONINE	False	49	247	False	True
wt_companion	local_data/hdf5/wt_companion.hdf5	residue-srv:A:522:Serine->Serine:PKP2_WT	522	SERINE	SERINE	False	43	207	False	True
wt_companion	local_data/hdf5/wt_companion.hdf5	residue-srv:A:523:Serine->Serine:PKP2_WT	523	SERINE	SERINE	False	34	137	False	True
wt_companion	local_data/hdf5/wt_companion.hdf5	residue-srv:A:524:Alanine->Alanine:PKP2_WT	524	ALANINE	ALANINE	False	29	102	False	True
wt_companion	local_data/hdf5/wt_companion.hdf5	residue-srv:A:525:Glycine->Glycine:PKP2_WT	525	GLYCINE	GLYCINE	False	30	109	False	True
wt_companion	local_data/hdf5/wt_companion.hdf5	residue-srv:A:526:Alanine->Alanine:PKP2_WT	526	ALANINE	ALANINE	False	27	101	False	True
wt_companion	local_data/hdf5/wt_companion.hdf5	residue-srv:A:527:Aspartate->Aspartate:PKP2_WT	527	ASPARTATE	ASPARTATE	False	26	90	False	True
wt_companion	local_data/hdf5/wt_companion.hdf5	residue-srv:A:529:Arginine->Arginine:PKP2_WT	529	ARGININE	ARGININE	False	43	194	False	True
wt_companion	local_data/hdf5/wt_companion.hdf5	residue-srv:A:52:Lysine->Lysine:PKP2_WT	52	LYSINE	LYSINE	False	23	88	False	True
wt_companion	local_data/hdf5/wt_companion.hdf5	residue-srv:A:531:Alanine->Alanine:PKP2_WT	531	ALANINE	ALANINE	False	30	126	False	True
wt_companion	local_data/hdf5/wt_companion.hdf5	residue-srv:A:532:Methionine->Methionine:PKP2_WT	532	METHIONINE	METHIONINE	False	49	247	False	True
wt_companion	local_data/hdf5/wt_companion.hdf5	residue-srv:A:534:Arginine->Arginine:PKP2_WT	534	ARGININE	ARGININE	False	31	128	False	True
wt_companion	local_data/hdf5/wt_companion.hdf5	residue-srv:A:535:Cysteine->Cysteine:PKP2_WT	535	CYSTEINE	CYSTEINE	False	29	127	False	True
wt_companion	local_data/hdf5/wt_companion.hdf5	residue-srv:A:537:Glycine->Glycine:PKP2_WT	537	GLYCINE	GLYCINE	False	27	121	False	True
wt_companion	local_data/hdf5/wt_companion.hdf5	residue-srv:A:538:Leucine->Leucine:PKP2_WT	538	LEUCINE	LEUCINE	False	41	203	False	True
wt_companion	local_data/hdf5/wt_companion.hdf5	residue-srv:A:543:Valine->Valine:PKP2_WT	543	VALINE	VALINE	False	41	183	False	True
wt_companion	local_data/hdf5/wt_companion.hdf5	residue-srv:A:544:Histidine->Histidine:PKP2_WT	544	HISTIDINE	HISTIDINE	False	36	161	False	True
wt_companion	local_data/hdf5/wt_companion.hdf5	residue-srv:A:546:Valine->Valine:PKP2_WT	546	VALINE	VALINE	False	45	216	False	True
wt_companion	local_data/hdf5/wt_companion.hdf5	residue-srv:A:548:Glycine->Glycine:PKP2_WT	548	GLYCINE	GLYCINE	False	24	95	False	True
wt_companion	local_data/hdf5/wt_companion.hdf5	residue-srv:A:550:Isoleucine->Isoleucine:PKP2_WT	550	ISOLEUCINE	ISOLEUCINE	False	34	163	False	True
wt_companion	local_data/hdf5/wt_companion.hdf5	residue-srv:A:552:Aspartate->Aspartate:PKP2_WT	552	ASPARTATE	ASPARTATE	False	24	84	False	True
wt_companion	local_data/hdf5/wt_companion.hdf5	residue-srv:A:555:Proline->Proline:PKP2_WT	555	PROLINE	PROLINE	False	38	187	False	True
wt_companion	local_data/hdf5/wt_companion.hdf5	residue-srv:A:556:Aspartate->Aspartate:PKP2_WT	556	ASPARTATE	ASPARTATE	False	38	163	False	True
wt_companion	local_data/hdf5/wt_companion.hdf5	residue-srv:A:55:Arginine->Arginine:PKP2_WT	55	ARGININE	ARGININE	False	29	113	False	True
wt_companion	local_data/hdf5/wt_companion.hdf5	residue-srv:A:560:Threonine->Threonine:PKP2_WT	560	THREONINE	THREONINE	False	44	220	False	True
wt_companion	local_data/hdf5/wt_companion.hdf5	residue-srv:A:562:Asparagine->Asparagine:PKP2_WT	562	ASPARAGINE	ASPARAGINE	False	44	221	False	True
wt_companion	local_data/hdf5/wt_companion.hdf5	residue-srv:A:563:Cysteine->Cysteine:PKP2_WT	563	CYSTEINE	CYSTEINE	False	52	264	False	True
wt_companion	local_data/hdf5/wt_companion.hdf5	residue-srv:A:564:Valine->Valine:PKP2_WT	564	VALINE	VALINE	False	53	280	False	True
wt_companion	local_data/hdf5/wt_companion.hdf5	residue-srv:A:566:Isoleucine->Isoleucine:PKP2_WT	566	ISOLEUCINE	ISOLEUCINE	False	50	253	False	True
wt_companion	local_data/hdf5/wt_companion.hdf5	residue-srv:A:569:Asparagine->Asparagine:PKP2_WT	569	ASPARAGINE	ASPARAGINE	False	48	236	False	True
wt_companion	local_data/hdf5/wt_companion.hdf5	residue-srv:A:571:Serine->Serine:PKP2_WT	571	SERINE	SERINE	False	42	199	False	True
wt_companion	local_data/hdf5/wt_companion.hdf5	residue-srv:A:573:Glutamine->Glutamine:PKP2_WT	573	GLUTAMINE	GLUTAMINE	False	44	169	False	True
wt_companion	local_data/hdf5/wt_companion.hdf5	residue-srv:A:580:Glutamate->Glutamate:PKP2_WT	580	GLUTAMATE	GLUTAMATE	False	28	107	False	True
wt_companion	local_data/hdf5/wt_companion.hdf5	residue-srv:A:582:Tyrosine->Tyrosine:PKP2_WT	582	TYROSINE	TYROSINE	False	39	159	False	True
wt_companion	local_data/hdf5/wt_companion.hdf5	residue-srv:A:583:Serine->Serine:PKP2_WT	583	SERINE	SERINE	False	35	138	False	True
wt_companion	local_data/hdf5/wt_companion.hdf5	residue-srv:A:586:Isoleucine->Isoleucine:PKP2_WT	586	ISOLEUCINE	ISOLEUCINE	False	33	128	False	True
wt_companion	local_data/hdf5/wt_companion.hdf5	residue-srv:A:587:Tyrosine->Tyrosine:PKP2_WT	587	TYROSINE	TYROSINE	False	33	123	False	True
wt_companion	local_data/hdf5/wt_companion.hdf5	residue-srv:A:588:Isoleucine->Isoleucine:PKP2_WT	588	ISOLEUCINE	ISOLEUCINE	False	19	68	False	True
wt_companion	local_data/hdf5/wt_companion.hdf5	residue-srv:A:58:Glutamate->Glutamate:PKP2_WT	58	GLUTAMATE	GLUTAMATE	False	28	115	False	True
wt_companion	local_data/hdf5/wt_companion.hdf5	residue-srv:A:591:Arginine->Arginine:PKP2_WT	591	ARGININE	ARGININE	False	24	86	False	True
wt_companion	local_data/hdf5/wt_companion.hdf5	residue-srv:A:592:Asparagine->Asparagine:PKP2_WT	592	ASPARAGINE	ASPARAGINE	False	22	67	False	True
wt_companion	local_data/hdf5/wt_companion.hdf5	residue-srv:A:595:Threonine->Threonine:PKP2_WT	595	THREONINE	THREONINE	False	18	48	False	True
wt_companion	local_data/hdf5/wt_companion.hdf5	residue-srv:A:596:Aspartate->Aspartate:PKP2_WT	596	ASPARTATE	ASPARTATE	False	30	98	False	True
wt_companion	local_data/hdf5/wt_companion.hdf5	residue-srv:A:597:Asparagine->Asparagine:PKP2_WT	597	ASPARAGINE	ASPARAGINE	False	25	73	False	True
wt_companion	local_data/hdf5/wt_companion.hdf5	residue-srv:A:598:Asparagine->Asparagine:PKP2_WT	598	ASPARAGINE	ASPARAGINE	False	34	112	False	True
wt_companion	local_data/hdf5/wt_companion.hdf5	residue-srv:A:599:Lysine->Lysine:PKP2_WT	599	LYSINE	LYSINE	False	32	106	False	True
wt_companion	local_data/hdf5/wt_companion.hdf5	residue-srv:A:5:Glycine->Glycine:PKP2_WT	5	GLYCINE	GLYCINE	False	20	67	False	True
wt_companion	local_data/hdf5/wt_companion.hdf5	residue-srv:A:603:Cysteine->Cysteine:PKP2_WT	603	CYSTEINE	CYSTEINE	False	33	107	False	True
wt_companion	local_data/hdf5/wt_companion.hdf5	residue-srv:A:605:Glycine->Glycine:PKP2_WT	605	GLYCINE	GLYCINE	False	29	103	False	True
wt_companion	local_data/hdf5/wt_companion.hdf5	residue-srv:A:607:Arginine->Arginine:PKP2_WT	607	ARGININE	ARGININE	False	24	75	False	True
wt_companion	local_data/hdf5/wt_companion.hdf5	residue-srv:A:609:Arginine->Arginine:PKP2_WT	609	ARGININE	ARGININE	False	16	52	False	True
wt_companion	local_data/hdf5/wt_companion.hdf5	residue-srv:A:610:Lysine->Lysine:PKP2_WT	610	LYSINE	LYSINE	False	17	54	False	True
wt_companion	local_data/hdf5/wt_companion.hdf5	residue-srv:A:611:Valine->Valine:PKP2_WT	611	VALINE	VALINE	False	26	93	False	True
wt_companion	local_data/hdf5/wt_companion.hdf5	residue-srv:A:614:Glutamine->Glutamine:PKP2_WT	614	GLUTAMINE	GLUTAMINE	False	31	111	False	True
wt_companion	local_data/hdf5/wt_companion.hdf5	residue-srv:A:615:Tyrosine->Tyrosine:PKP2_WT	615	TYROSINE	TYROSINE	False	34	133	False	True
wt_companion	local_data/hdf5/wt_companion.hdf5	residue-srv:A:616:Glutamine->Glutamine:PKP2_WT	616	GLUTAMINE	GLUTAMINE	False	15	50	False	True
wt_companion	local_data/hdf5/wt_companion.hdf5	residue-srv:A:618:Valine->Valine:PKP2_WT	618	VALINE	VALINE	False	24	82	False	True
wt_companion	local_data/hdf5/wt_companion.hdf5	residue-srv:A:619:Proline->Proline:PKP2_WT	619	PROLINE	PROLINE	False	22	76	False	True
wt_companion	local_data/hdf5/wt_companion.hdf5	residue-srv:A:620:Methionine->Methionine:PKP2_WT	620	METHIONINE	METHIONINE	False	20	65	False	True
wt_companion	local_data/hdf5/wt_companion.hdf5	residue-srv:A:621:Proline->Proline:PKP2_WT	621	PROLINE	PROLINE	False	11	29	False	True
wt_companion	local_data/hdf5/wt_companion.hdf5	residue-srv:A:625:Serine->Serine:PKP2_WT	625	SERINE	SERINE	False	10	22	False	True
wt_companion	local_data/hdf5/wt_companion.hdf5	residue-srv:A:626:Asparagine->Asparagine:PKP2_WT	626	ASPARAGINE	ASPARAGINE	False	14	39	False	True
wt_companion	local_data/hdf5/wt_companion.hdf5	residue-srv:A:627:Proline->Proline:PKP2_WT	627	PROLINE	PROLINE	False	22	70	False	True
wt_companion	local_data/hdf5/wt_companion.hdf5	residue-srv:A:628:Lysine->Lysine:PKP2_WT	628	LYSINE	LYSINE	False	26	97	False	True
wt_companion	local_data/hdf5/wt_companion.hdf5	residue-srv:A:629:Glycine->Glycine:PKP2_WT	629	GLYCINE	GLYCINE	False	27	103	False	True
wt_companion	local_data/hdf5/wt_companion.hdf5	residue-srv:A:62:Glutamine->Glutamine:PKP2_WT	62	GLUTAMINE	GLUTAMINE	False	21	78	False	True
wt_companion	local_data/hdf5/wt_companion.hdf5	residue-srv:A:630:Valine->Valine:PKP2_WT	630	VALINE	VALINE	False	29	114	False	True
wt_companion	local_data/hdf5/wt_companion.hdf5	residue-srv:A:631:Glutamate->Glutamate:PKP2_WT	631	GLUTAMATE	GLUTAMATE	False	36	147	False	True
wt_companion	local_data/hdf5/wt_companion.hdf5	residue-srv:A:632:Tryptophan->Tryptophan:PKP2_WT	632	TRYPTOPHAN	TRYPTOPHAN	False	51	242	False	True
wt_companion	local_data/hdf5/wt_companion.hdf5	residue-srv:A:634:Tryptophan->Tryptophan:PKP2_WT	634	TRYPTOPHAN	TRYPTOPHAN	False	33	126	False	True
wt_companion	local_data/hdf5/wt_companion.hdf5	residue-srv:A:635:Histidine->Histidine:PKP2_WT	635	HISTIDINE	HISTIDINE	False	27	117	False	True
wt_companion	local_data/hdf5/wt_companion.hdf5	residue-srv:A:639:Isoleucine->Isoleucine:PKP2_WT	639	ISOLEUCINE	ISOLEUCINE	False	45	216	False	True
wt_companion	local_data/hdf5/wt_companion.hdf5	residue-srv:A:63:Threonine->Threonine:PKP2_WT	63	THREONINE	THREONINE	False	19	75	False	True
wt_companion	local_data/hdf5/wt_companion.hdf5	residue-srv:A:640:Arginine->Arginine:PKP2_WT	640	ARGININE	ARGININE	False	29	116	False	True
wt_companion	local_data/hdf5/wt_companion.hdf5	residue-srv:A:642:Tyrosine->Tyrosine:PKP2_WT	642	TYROSINE	TYROSINE	False	57	290	False	True
wt_companion	local_data/hdf5/wt_companion.hdf5	residue-srv:A:643:Leucine->Leucine:PKP2_WT	643	LEUCINE	LEUCINE	False	45	218	False	True
wt_companion	local_data/hdf5/wt_companion.hdf5	residue-srv:A:644:Serine->Serine:PKP2_WT	644	SERINE	SERINE	False	34	140	False	True
wt_companion	local_data/hdf5/wt_companion.hdf5	residue-srv:A:647:Alanine->Alanine:PKP2_WT	647	ALANINE	ALANINE	False	28	114	False	True
wt_companion	local_data/hdf5/wt_companion.hdf5	residue-srv:A:648:Lysine->Lysine:PKP2_WT	648	LYSINE	LYSINE	False	30	116	False	True
wt_companion	local_data/hdf5/wt_companion.hdf5	residue-srv:A:649:Serine->Serine:PKP2_WT	649	SERINE	SERINE	False	38	170	False	True
wt_companion	local_data/hdf5/wt_companion.hdf5	residue-srv:A:650:Valine->Valine:PKP2_WT	650	VALINE	VALINE	False	36	147	False	True
wt_companion	local_data/hdf5/wt_companion.hdf5	residue-srv:A:651:Arginine->Arginine:PKP2_WT	651	ARGININE	ARGININE	False	41	177	False	True
wt_companion	local_data/hdf5/wt_companion.hdf5	residue-srv:A:652:Asparagine->Asparagine:PKP2_WT	652	ASPARAGINE	ASPARAGINE	False	39	159	False	True
wt_companion	local_data/hdf5/wt_companion.hdf5	residue-srv:A:653:Tyrosine->Tyrosine:PKP2_WT	653	TYROSINE	TYROSINE	False	49	224	False	True
wt_companion	local_data/hdf5/wt_companion.hdf5	residue-srv:A:654:Threonine->Threonine:PKP2_WT	654	THREONINE	THREONINE	False	46	231	False	True
wt_companion	local_data/hdf5/wt_companion.hdf5	residue-srv:A:656:Glutamate->Glutamate:PKP2_WT	656	GLUTAMATE	GLUTAMATE	False	43	201	False	True
wt_companion	local_data/hdf5/wt_companion.hdf5	residue-srv:A:65:Alanine->Alanine:PKP2_WT	65	ALANINE	ALANINE	False	17	63	False	True
wt_companion	local_data/hdf5/wt_companion.hdf5	residue-srv:A:661:Alanine->Alanine:PKP2_WT	661	ALANINE	ALANINE	False	47	242	False	True
wt_companion	local_data/hdf5/wt_companion.hdf5	residue-srv:A:662:Leucine->Leucine:PKP2_WT	662	LEUCINE	LEUCINE	False	58	310	False	True
wt_companion	local_data/hdf5/wt_companion.hdf5	residue-srv:A:663:Glutamine->Glutamine:PKP2_WT	663	GLUTAMINE	GLUTAMINE	False	51	248	False	True
wt_companion	local_data/hdf5/wt_companion.hdf5	residue-srv:A:664:Asparagine->Asparagine:PKP2_WT	664	ASPARAGINE	ASPARAGINE	False	43	196	False	True
wt_companion	local_data/hdf5/wt_companion.hdf5	residue-srv:A:665:Leucine->Leucine:PKP2_WT	665	LEUCINE	LEUCINE	False	48	238	False	True
wt_companion	local_data/hdf5/wt_companion.hdf5	residue-srv:A:667:Alanine->Alanine:PKP2_WT	667	ALANINE	ALANINE	False	37	146	False	True
wt_companion	local_data/hdf5/wt_companion.hdf5	residue-srv:A:668:Glycine->Glycine:PKP2_WT	668	GLYCINE	GLYCINE	False	34	128	False	True
wt_companion	local_data/hdf5/wt_companion.hdf5	residue-srv:A:669:Serine->Serine:PKP2_WT	669	SERINE	SERINE	False	36	132	False	True
wt_companion	local_data/hdf5/wt_companion.hdf5	residue-srv:A:673:Proline->Proline:PKP2_WT	673	PROLINE	PROLINE	False	41	193	False	True
wt_companion	local_data/hdf5/wt_companion.hdf5	residue-srv:A:674:Threonine->Threonine:PKP2_WT	674	THREONINE	THREONINE	False	39	177	False	True
wt_companion	local_data/hdf5/wt_companion.hdf5	residue-srv:A:675:Serine->Serine:PKP2_WT	675	SERINE	SERINE	False	31	126	False	True
wt_companion	local_data/hdf5/wt_companion.hdf5	residue-srv:A:677:Alanine->Alanine:PKP2_WT	677	ALANINE	ALANINE	False	42	202	False	True
wt_companion	local_data/hdf5/wt_companion.hdf5	residue-srv:A:679:Threonine->Threonine:PKP2_WT	679	THREONINE	THREONINE	False	27	115	False	True
wt_companion	local_data/hdf5/wt_companion.hdf5	residue-srv:A:680:Valine->Valine:PKP2_WT	680	VALINE	VALINE	False	35	157	False	True
wt_companion	local_data/hdf5/wt_companion.hdf5	residue-srv:A:681:Valine->Valine:PKP2_WT	681	VALINE	VALINE	False	44	213	False	True
wt_companion	local_data/hdf5/wt_companion.hdf5	residue-srv:A:683:Lysine->Lysine:PKP2_WT	683	LYSINE	LYSINE	False	30	130	False	True
wt_companion	local_data/hdf5/wt_companion.hdf5	residue-srv:A:690:Threonine->Threonine:PKP2_WT	690	THREONINE	THREONINE	False	49	242	False	True
wt_companion	local_data/hdf5/wt_companion.hdf5	residue-srv:A:691:Arginine->Arginine:PKP2_WT	691	ARGININE	ARGININE	False	38	180	False	True
wt_companion	local_data/hdf5/wt_companion.hdf5	residue-srv:A:692:Lysine->Lysine:PKP2_WT	692	LYSINE	LYSINE	False	32	126	False	True
wt_companion	local_data/hdf5/wt_companion.hdf5	residue-srv:A:694:Leucine->Leucine:PKP2_WT	694	LEUCINE	LEUCINE	False	48	225	False	True
wt_companion	local_data/hdf5/wt_companion.hdf5	residue-srv:A:696:Valine->Valine:PKP2_WT	696	VALINE	VALINE	False	34	134	False	True
wt_companion	local_data/hdf5/wt_companion.hdf5	residue-srv:A:697:Glycine->Glycine:PKP2_WT	697	GLYCINE	GLYCINE	False	31	108	False	True
wt_companion	local_data/hdf5/wt_companion.hdf5	residue-srv:A:6:Alanine->Alanine:PKP2_WT	6	ALANINE	ALANINE	False	21	73	False	True
wt_companion	local_data/hdf5/wt_companion.hdf5	residue-srv:A:701:Valine->Valine:PKP2_WT	701	VALINE	VALINE	False	41	193	False	True
wt_companion	local_data/hdf5/wt_companion.hdf5	residue-srv:A:705:Alanine->Alanine:PKP2_WT	705	ALANINE	ALANINE	False	47	228	False	True
wt_companion	local_data/hdf5/wt_companion.hdf5	residue-srv:A:706:Isoleucine->Isoleucine:PKP2_WT	706	ISOLEUCINE	ISOLEUCINE	False	49	237	False	True
wt_companion	local_data/hdf5/wt_companion.hdf5	residue-srv:A:707:Serine->Serine:PKP2_WT	707	SERINE	SERINE	False	41	181	False	True
wt_companion	local_data/hdf5/wt_companion.hdf5	residue-srv:A:709:Leucine->Leucine:PKP2_WT	709	LEUCINE	LEUCINE	False	51	263	False	True
wt_companion	local_data/hdf5/wt_companion.hdf5	residue-srv:A:70:Serine->Serine:PKP2_WT	70	SERINE	SERINE	False	14	47	False	True
wt_companion	local_data/hdf5/wt_companion.hdf5	residue-srv:A:713:Serine->Serine:PKP2_WT	713	SERINE	SERINE	False	39	177	False	True
wt_companion	local_data/hdf5/wt_companion.hdf5	residue-srv:A:714:Arginine->Arginine:PKP2_WT	714	ARGININE	ARGININE	False	40	149	False	True
wt_companion	local_data/hdf5/wt_companion.hdf5	residue-srv:A:720:Asparagine->Asparagine:PKP2_WT	720	ASPARAGINE	ASPARAGINE	False	23	91	False	True
wt_companion	local_data/hdf5/wt_companion.hdf5	residue-srv:A:722:Isoleucine->Isoleucine:PKP2_WT	722	ISOLEUCINE	ISOLEUCINE	False	45	220	False	True
wt_companion	local_data/hdf5/wt_companion.hdf5	residue-srv:A:724:Lysine->Lysine:PKP2_WT	724	LYSINE	LYSINE	False	25	101	False	True
wt_companion	local_data/hdf5/wt_companion.hdf5	residue-srv:A:726:Threonine->Threonine:PKP2_WT	726	THREONINE	THREONINE	False	46	222	False	True
wt_companion	local_data/hdf5/wt_companion.hdf5	residue-srv:A:729:Aspartate->Aspartate:PKP2_WT	729	ASPARTATE	ASPARTATE	False	34	147	False	True
wt_companion	local_data/hdf5/wt_companion.hdf5	residue-srv:A:732:Serine->Serine:PKP2_WT	732	SERINE	SERINE	False	28	106	False	True
wt_companion	local_data/hdf5/wt_companion.hdf5	residue-srv:A:734:Isoleucine->Isoleucine:PKP2_WT	734	ISOLEUCINE	ISOLEUCINE	False	45	197	False	True
wt_companion	local_data/hdf5/wt_companion.hdf5	residue-srv:A:738:Valine->Valine:PKP2_WT	738	VALINE	VALINE	False	14	41	False	True
wt_companion	local_data/hdf5/wt_companion.hdf5	residue-srv:A:739:Proline->Proline:PKP2_WT	739	PROLINE	PROLINE	False	20	64	False	True
wt_companion	local_data/hdf5/wt_companion.hdf5	residue-srv:A:73:Glycine->Glycine:PKP2_WT	73	GLYCINE	GLYCINE	False	18	60	False	True
wt_companion	local_data/hdf5/wt_companion.hdf5	residue-srv:A:742:Aspartate->Aspartate:PKP2_WT	742	ASPARTATE	ASPARTATE	False	32	109	False	True
wt_companion	local_data/hdf5/wt_companion.hdf5	residue-srv:A:743:Leucine->Leucine:PKP2_WT	743	LEUCINE	LEUCINE	False	44	184	False	True
wt_companion	local_data/hdf5/wt_companion.hdf5	residue-srv:A:745:Isoleucine->Isoleucine:PKP2_WT	745	ISOLEUCINE	ISOLEUCINE	False	38	165	False	True
wt_companion	local_data/hdf5/wt_companion.hdf5	residue-srv:A:749:Alanine->Alanine:PKP2_WT	749	ALANINE	ALANINE	False	37	181	False	True
wt_companion	local_data/hdf5/wt_companion.hdf5	residue-srv:A:74:Asparagine->Asparagine:PKP2_WT	74	ASPARAGINE	ASPARAGINE	False	25	87	False	True
wt_companion	local_data/hdf5/wt_companion.hdf5	residue-srv:A:750:Serine->Serine:PKP2_WT	750	SERINE	SERINE	False	43	205	False	True
wt_companion	local_data/hdf5/wt_companion.hdf5	residue-srv:A:752:Cysteine->Cysteine:PKP2_WT	752	CYSTEINE	CYSTEINE	False	47	234	False	True
wt_companion	local_data/hdf5/wt_companion.hdf5	residue-srv:A:754:Threonine->Threonine:PKP2_WT	754	THREONINE	THREONINE	False	45	216	False	True
wt_companion	local_data/hdf5/wt_companion.hdf5	residue-srv:A:758:Isoleucine->Isoleucine:PKP2_WT	758	ISOLEUCINE	ISOLEUCINE	False	50	248	False	True
wt_companion	local_data/hdf5/wt_companion.hdf5	residue-srv:A:759:Isoleucine->Isoleucine:PKP2_WT	759	ISOLEUCINE	ISOLEUCINE	False	47	223	False	True
wt_companion	local_data/hdf5/wt_companion.hdf5	residue-srv:A:75:Glycine->Glycine:PKP2_WT	75	GLYCINE	GLYCINE	False	15	40	False	True
wt_companion	local_data/hdf5/wt_companion.hdf5	residue-srv:A:761:Asparagine->Asparagine:PKP2_WT	761	ASPARAGINE	ASPARAGINE	False	23	71	False	True
wt_companion	local_data/hdf5/wt_companion.hdf5	residue-srv:A:764:Glutamine->Glutamine:PKP2_WT	764	GLUTAMINE	GLUTAMINE	False	25	98	False	True
wt_companion	local_data/hdf5/wt_companion.hdf5	residue-srv:A:766:Alanine->Alanine:PKP2_WT	766	ALANINE	ALANINE	False	37	166	False	True
wt_companion	local_data/hdf5/wt_companion.hdf5	residue-srv:A:767:Arginine->Arginine:PKP2_WT	767	ARGININE	ARGININE	False	25	102	False	True
wt_companion	local_data/hdf5/wt_companion.hdf5	residue-srv:A:773:Glycine->Glycine:PKP2_WT	773	GLYCINE	GLYCINE	False	26	104	False	True
wt_companion	local_data/hdf5/wt_companion.hdf5	residue-srv:A:774:Glycine->Glycine:PKP2_WT	774	GLYCINE	GLYCINE	False	32	137	False	True
wt_companion	local_data/hdf5/wt_companion.hdf5	residue-srv:A:778:Isoleucine->Isoleucine:PKP2_WT	778	ISOLEUCINE	ISOLEUCINE	False	48	234	False	True
wt_companion	local_data/hdf5/wt_companion.hdf5	residue-srv:A:77:Leucine->Leucine:PKP2_WT	77	LEUCINE	LEUCINE	False	23	74	False	True
wt_companion	local_data/hdf5/wt_companion.hdf5	residue-srv:A:780:Alanine->Alanine:PKP2_WT	780	ALANINE	ALANINE	False	28	105	False	True
wt_companion	local_data/hdf5/wt_companion.hdf5	residue-srv:A:784:Glycine->Glycine:PKP2_WT	784	GLYCINE	GLYCINE	False	25	92	False	True
wt_companion	local_data/hdf5/wt_companion.hdf5	residue-srv:A:785:Aspartate->Aspartate:PKP2_WT	785	ASPARTATE	ASPARTATE	False	19	62	False	True
wt_companion	local_data/hdf5/wt_companion.hdf5	residue-srv:A:786:Alanine->Alanine:PKP2_WT	786	ALANINE	ALANINE	False	25	80	False	True
wt_companion	local_data/hdf5/wt_companion.hdf5	residue-srv:A:787:Tyrosine->Tyrosine:PKP2_WT	787	TYROSINE	TYROSINE	False	45	192	False	True
wt_companion	local_data/hdf5/wt_companion.hdf5	residue-srv:A:788:Alanine->Alanine:PKP2_WT	788	ALANINE	ALANINE	False	27	86	False	True
wt_companion	local_data/hdf5/wt_companion.hdf5	residue-srv:A:78:Histidine->Histidine:PKP2_WT	78	HISTIDINE	HISTIDINE	False	17	45	False	True
wt_companion	local_data/hdf5/wt_companion.hdf5	residue-srv:A:790:Asparagine->Asparagine:PKP2_WT	790	ASPARAGINE	ASPARAGINE	False	33	120	False	True
wt_companion	local_data/hdf5/wt_companion.hdf5	residue-srv:A:791:Lysine->Lysine:PKP2_WT	791	LYSINE	LYSINE	False	40	156	False	True
wt_companion	local_data/hdf5/wt_companion.hdf5	residue-srv:A:792:Alanine->Alanine:PKP2_WT	792	ALANINE	ALANINE	False	39	188	False	True
wt_companion	local_data/hdf5/wt_companion.hdf5	residue-srv:A:794:Lysine->Lysine:PKP2_WT	794	LYSINE	LYSINE	False	39	155	False	True
wt_companion	local_data/hdf5/wt_companion.hdf5	residue-srv:A:796:Alanine->Alanine:PKP2_WT	796	ALANINE	ALANINE	False	44	221	False	True
wt_companion	local_data/hdf5/wt_companion.hdf5	residue-srv:A:797:Serine->Serine:PKP2_WT	797	SERINE	SERINE	False	34	146	False	True
wt_companion	local_data/hdf5/wt_companion.hdf5	residue-srv:A:798:Valine->Valine:PKP2_WT	798	VALINE	VALINE	False	33	143	False	True
wt_companion	local_data/hdf5/wt_companion.hdf5	residue-srv:A:79:Arginine->Arginine:PKP2_WT	79	ARGININE	ARGININE	False	17	52	False	True
wt_companion	local_data/hdf5/wt_companion.hdf5	residue-srv:A:7:Proline->Proline:PKP2_WT	7	PROLINE	PROLINE	False	22	78	False	True
wt_companion	local_data/hdf5/wt_companion.hdf5	residue-srv:A:800:Leucine->Leucine:PKP2_WT	800	LEUCINE	LEUCINE	False	44	211	False	True
wt_companion	local_data/hdf5/wt_companion.hdf5	residue-srv:A:801:Tyrosine->Tyrosine:PKP2_WT	801	TYROSINE	TYROSINE	False	30	122	False	True
wt_companion	local_data/hdf5/wt_companion.hdf5	residue-srv:A:802:Serine->Serine:PKP2_WT	802	SERINE	SERINE	False	34	146	False	True
wt_companion	local_data/hdf5/wt_companion.hdf5	residue-srv:A:804:Tryptophan->Tryptophan:PKP2_WT	804	TRYPTOPHAN	TRYPTOPHAN	False	38	173	False	True
wt_companion	local_data/hdf5/wt_companion.hdf5	residue-srv:A:807:Threonine->Threonine:PKP2_WT	807	THREONINE	THREONINE	False	17	60	False	True
wt_companion	local_data/hdf5/wt_companion.hdf5	residue-srv:A:808:Glutamate->Glutamate:PKP2_WT	808	GLUTAMATE	GLUTAMATE	False	22	88	False	True
wt_companion	local_data/hdf5/wt_companion.hdf5	residue-srv:A:810:Histidine->Histidine:PKP2_WT	810	HISTIDINE	HISTIDINE	False	25	103	False	True
wt_companion	local_data/hdf5/wt_companion.hdf5	residue-srv:A:813:Tyrosine->Tyrosine:PKP2_WT	813	TYROSINE	TYROSINE	False	36	163	False	True
wt_companion	local_data/hdf5/wt_companion.hdf5	residue-srv:A:816:Alanine->Alanine:PKP2_WT	816	ALANINE	ALANINE	False	17	59	False	True
wt_companion	local_data/hdf5/wt_companion.hdf5	residue-srv:A:817:Glutamine->Glutamine:PKP2_WT	817	GLUTAMINE	GLUTAMINE	False	15	55	False	True
wt_companion	local_data/hdf5/wt_companion.hdf5	residue-srv:A:818:Phenylalanine->Phenylalanine:PKP2_WT	818	PHENYLALANINE	PHENYLALANINE	False	24	91	False	True
wt_companion	local_data/hdf5/wt_companion.hdf5	residue-srv:A:819:Lysine->Lysine:PKP2_WT	819	LYSINE	LYSINE	False	18	64	False	True
wt_companion	local_data/hdf5/wt_companion.hdf5	residue-srv:A:821:Threonine->Threonine:PKP2_WT	821	THREONINE	THREONINE	False	12	34	False	True
wt_companion	local_data/hdf5/wt_companion.hdf5	residue-srv:A:824:Valine->Valine:PKP2_WT	824	VALINE	VALINE	False	21	66	False	True
wt_companion	local_data/hdf5/wt_companion.hdf5	residue-srv:A:825:Asparagine->Asparagine:PKP2_WT	825	ASPARAGINE	ASPARAGINE	False	29	108	False	True
wt_companion	local_data/hdf5/wt_companion.hdf5	residue-srv:A:827:Arginine->Arginine:PKP2_WT	827	ARGININE	ARGININE	False	28	96	False	True
wt_companion	local_data/hdf5/wt_companion.hdf5	residue-srv:A:828:Threonine->Threonine:PKP2_WT	828	THREONINE	THREONINE	False	33	130	False	True
wt_companion	local_data/hdf5/wt_companion.hdf5	residue-srv:A:829:Alanine->Alanine:PKP2_WT	829	ALANINE	ALANINE	False	25	101	False	True
wt_companion	local_data/hdf5/wt_companion.hdf5	residue-srv:A:830:Lysine->Lysine:PKP2_WT	830	LYSINE	LYSINE	False	22	79	False	True
wt_companion	local_data/hdf5/wt_companion.hdf5	residue-srv:A:833:Histidine->Histidine:PKP2_WT	833	HISTIDINE	HISTIDINE	False	24	94	False	True
wt_companion	local_data/hdf5/wt_companion.hdf5	residue-srv:A:835:Leucine->Leucine:PKP2_WT	835	LEUCINE	LEUCINE	False	27	97	False	True
wt_companion	local_data/hdf5/wt_companion.hdf5	residue-srv:A:83:Valine->Valine:PKP2_WT	83	VALINE	VALINE	False	28	97	False	True
wt_companion	local_data/hdf5/wt_companion.hdf5	residue-srv:A:86:Tyrosine->Tyrosine:PKP2_WT	86	TYROSINE	TYROSINE	False	37	135	False	True
wt_companion	local_data/hdf5/wt_companion.hdf5	residue-srv:A:87:Valine->Valine:PKP2_WT	87	VALINE	VALINE	False	34	123	False	True
wt_companion	local_data/hdf5/wt_companion.hdf5	residue-srv:A:98:Valine->Valine:PKP2_WT	98	VALINE	VALINE	False	37	151	False	True
wt_companion	local_data/hdf5/wt_companion.hdf5	residue-srv:A:99:Glycine->Glycine:PKP2_WT	99	GLYCINE	GLYCINE	False	30	109	False	True
